,nav
2011-12-09,1.0
2011-12-12,1.0
2011-12-13,1.0
2011-12-14,1.0
2011-12-15,1.0
2011-12-16,1.0
2011-12-19,1.0
2011-12-20,1.0
2011-12-21,1.0
2011-12-22,1.0
2011-12-23,1.0
2011-12-26,1.0
2011-12-27,1.0
2011-12-28,1.0
2011-12-29,1.0
2011-12-30,1.0
2012-01-04,1.0
2012-01-05,1.0
2012-01-06,1.0
2012-01-09,1.0
2012-01-10,1.0
2012-01-11,1.0
2012-01-12,1.0
2012-01-13,1.0
2012-01-16,1.0
2012-01-17,1.0
2012-01-18,1.0
2012-01-19,1.0
2012-01-20,1.0
2012-01-30,1.0
2012-01-31,1.0
2012-02-01,1.0
2012-02-02,1.0
2012-02-03,1.0
2012-02-06,1.0
2012-02-07,1.0
2012-02-08,1.0
2012-02-09,1.0
2012-02-10,1.0
2012-02-13,1.0
2012-02-14,1.0
2012-02-15,1.0
2012-02-16,1.0
2012-02-17,1.0
2012-02-20,1.0
2012-02-21,1.0
2012-02-22,1.0
2012-02-23,1.0
2012-02-24,1.0
2012-02-27,1.0
2012-02-28,1.0
2012-02-29,1.0
2012-03-01,1.0
2012-03-02,1.0
2012-03-05,1.0
2012-03-06,1.0
2012-03-07,1.0
2012-03-08,1.0
2012-03-09,1.0
2012-03-12,1.0
2012-03-13,1.0
2012-03-14,1.0
2012-03-15,1.0
2012-03-16,1.0
2012-03-19,1.0
2012-03-20,1.0
2012-03-21,1.0
2012-03-22,1.0
2012-03-23,1.0
2012-03-26,1.0
2012-03-27,1.0
2012-03-28,1.0
2012-03-29,1.0
2012-03-30,1.0
2012-04-05,1.0
2012-04-06,1.0
2012-04-09,1.0
2012-04-10,1.0
2012-04-11,1.0
2012-04-12,1.0
2012-04-13,1.0
2012-04-16,1.0
2012-04-17,1.0
2012-04-18,1.0
2012-04-19,1.0
2012-04-20,1.0
2012-04-23,1.0
2012-04-24,1.0
2012-04-25,1.0
2012-04-26,1.0
2012-04-27,1.0
2012-05-02,1.0
2012-05-03,1.0
2012-05-04,1.0
2012-05-07,1.0
2012-05-08,1.0
2012-05-09,1.0
2012-05-10,1.0
2012-05-11,1.0
2012-05-14,1.0
2012-05-15,1.0
2012-05-16,1.0
2012-05-17,1.0
2012-05-18,1.0
2012-05-21,1.0
2012-05-22,1.0
2012-05-23,1.0
2012-05-24,1.0
2012-05-25,1.0
2012-05-28,1.0
2012-05-29,1.0
2012-05-30,1.0
2012-05-31,1.0
2012-06-01,1.0
2012-06-04,1.0
2012-06-05,1.0
2012-06-06,1.0
2012-06-07,1.0
2012-06-08,1.0
2012-06-11,1.0
2012-06-12,1.0
2012-06-13,1.0
2012-06-14,1.0
2012-06-15,1.0
2012-06-18,1.0
2012-06-19,1.0
2012-06-20,1.0
2012-06-21,1.0
2012-06-25,1.0
2012-06-26,1.0
2012-06-27,1.0
2012-06-28,1.0
2012-06-29,1.0
2012-07-02,1.0
2012-07-03,1.0
2012-07-04,1.0
2012-07-05,1.0
2012-07-06,1.0
2012-07-09,1.0
2012-07-10,1.0
2012-07-11,1.0
2012-07-12,1.0
2012-07-13,1.0
2012-07-16,1.0
2012-07-17,1.0
2012-07-18,1.0
2012-07-19,1.0
2012-07-20,1.0
2012-07-23,1.0
2012-07-24,1.0
2012-07-25,1.0
2012-07-26,1.0
2012-07-27,1.0
2012-07-30,1.0
2012-07-31,1.0
2012-08-01,1.0
2012-08-02,1.0
2012-08-03,1.0
2012-08-06,1.0
2012-08-07,1.0
2012-08-08,1.0
2012-08-09,1.0
2012-08-10,1.0
2012-08-13,1.0
2012-08-14,1.0
2012-08-15,1.0
2012-08-16,1.0
2012-08-17,1.0
2012-08-20,1.0
2012-08-21,1.0
2012-08-22,1.0
2012-08-23,1.0
2012-08-24,1.0
2012-08-27,1.0
2012-08-28,1.0
2012-08-29,1.0
2012-08-30,1.0
2012-08-31,1.0
2012-09-03,1.0
2012-09-04,1.0
2012-09-05,1.0
2012-09-06,1.0
2012-09-07,1.0
2012-09-10,1.0
2012-09-11,1.0
2012-09-12,1.0
2012-09-13,1.0
2012-09-14,1.0
2012-09-17,1.0
2012-09-18,1.0
2012-09-19,1.0
2012-09-20,1.0
2012-09-21,1.0
2012-09-24,1.0
2012-09-25,1.0
2012-09-26,1.0
2012-09-27,1.0
2012-09-28,1.0
2012-10-08,1.0
2012-10-09,1.0
2012-10-10,1.0
2012-10-11,1.0
2012-10-12,1.0
2012-10-15,1.0
2012-10-16,1.0
2012-10-17,1.0
2012-10-18,1.0
2012-10-19,1.0
2012-10-22,1.0
2012-10-23,1.0
2012-10-24,1.0
2012-10-25,1.0
2012-10-26,1.0
2012-10-29,1.0
2012-10-30,1.0
2012-10-31,1.0
2012-11-01,1.0
2012-11-02,1.0
2012-11-05,1.0
2012-11-06,1.0
2012-11-07,1.0
2012-11-08,1.0
2012-11-09,1.0
2012-11-12,1.0
2012-11-13,1.0
2012-11-14,1.0
2012-11-15,1.0
2012-11-16,1.0
2012-11-19,1.0
2012-11-20,1.0
2012-11-21,1.0
2012-11-22,1.0
2012-11-23,1.0
2012-11-26,1.0
2012-11-27,1.0
2012-11-28,1.0
2012-11-29,1.0
2012-11-30,1.0
2012-12-03,1.0
2012-12-04,1.0
2012-12-05,1.0
2012-12-06,1.0
2012-12-07,1.0
2012-12-10,1.0
2012-12-11,1.0
2012-12-12,1.0
2012-12-13,1.0
2012-12-14,1.0
2012-12-17,1.0
2012-12-18,1.0
2012-12-19,1.0
2012-12-20,1.0
2012-12-21,1.0
2012-12-24,1.0
2012-12-25,1.0
2012-12-26,1.0
2012-12-27,1.0
2012-12-28,1.0
2012-12-31,1.0
2013-01-04,1.0
2013-01-07,1.0
2013-01-08,1.0
2013-01-09,1.0
2013-01-10,1.0
2013-01-11,1.0
2013-01-14,1.0
2013-01-15,1.0
2013-01-16,1.0
2013-01-17,1.0
2013-01-18,1.0
2013-01-21,1.0
2013-01-22,1.0
2013-01-23,1.0
2013-01-24,1.0
2013-01-25,1.0
2013-01-28,1.0
2013-01-29,1.0
2013-01-30,1.0
2013-01-31,1.0
2013-02-01,1.0
2013-02-04,1.0
2013-02-05,1.0
2013-02-06,1.0
2013-02-07,1.0
2013-02-08,1.0
2013-02-18,1.0
2013-02-19,1.0
2013-02-20,1.0
2013-02-21,1.0
2013-02-22,1.0
2013-02-25,1.0
2013-02-26,1.0
2013-02-27,1.0
2013-02-28,1.0
2013-03-01,1.0
2013-03-04,1.0
2013-03-05,1.0
2013-03-06,1.0
2013-03-07,1.0
2013-03-08,1.0
2013-03-11,1.0
2013-03-12,1.0
2013-03-13,1.0
2013-03-14,1.0
2013-03-15,1.0
2013-03-18,1.0
2013-03-19,1.0
2013-03-20,1.0
2013-03-21,1.0
2013-03-22,0.9977272727272727
2013-03-25,1.0
2013-03-26,0.9909090909090909
2013-03-27,1.0022727272727272
2013-03-28,0.9818181818181817
2013-03-29,0.9772727272727272
2013-04-01,0.9772727272727272
2013-04-02,0.9459999999999998
2013-04-03,0.9459999999999998
2013-04-08,0.9459999999999998
2013-04-09,0.9459999999999998
2013-04-10,0.9459999999999998
2013-04-11,0.9459999999999998
2013-04-12,0.9404287396937572
2013-04-15,0.929286219081272
2013-04-16,0.929286219081272
2013-04-17,0.929286219081272
2013-04-18,0.9346516129558752
2013-04-19,0.9561131884542879
2013-04-22,0.9818670790523834
2013-04-23,0.9571862672292087
2013-04-24,0.9936709455765104
2013-04-25,0.9636247398787324
2013-04-26,0.9550401096793674
2013-05-02,0.9807940002774627
2013-05-03,1.0065478908755578
2013-05-06,1.0226440724993675
2013-05-07,1.0194248361746054
2013-05-08,1.053763356972066
2013-05-09,1.062347987171431
2013-05-10,1.0591287508466691
2013-05-13,1.0634210659463517
2013-05-14,1.0419594904479388
2013-05-15,1.0838095626698439
2013-05-16,1.0805903263450818
2013-05-17,1.0913211140942882
2013-05-20,1.1245865561168282
2013-05-21,1.151413525489844
2013-05-22,1.1149288471425423
2013-05-23,1.1192211622422248
2013-05-24,1.1481942891650823
2013-05-27,1.1642904707888917
2013-05-28,1.1310250287663521
2013-05-29,1.1417558165155586
2013-05-30,1.146048131615241
2013-05-31,1.1449750528403204
2013-06-03,1.122440398566987
2013-06-04,1.0945403504190505
2013-06-05,1.11063653204286
2013-06-06,1.090558421568251
2013-06-07,1.0704803110936414
2013-06-13,1.0621820141084193
2013-06-14,1.0621820141084193
2013-06-17,1.0621820141084193
2013-06-18,1.0621820141084193
2013-06-19,1.0621820141084193
2013-06-20,1.0621820141084193
2013-06-21,1.0621820141084193
2013-06-24,1.0621820141084193
2013-06-25,1.0621820141084193
2013-06-26,1.0621820141084193
2013-06-27,1.0621820141084193
2013-06-28,1.0621820141084193
2013-07-01,1.0621820141084193
2013-07-02,1.0621820141084193
2013-07-03,1.0621820141084193
2013-07-04,1.0621820141084193
2013-07-05,1.0621820141084193
2013-07-08,1.0621820141084193
2013-07-09,1.0621820141084193
2013-07-10,1.0621820141084193
2013-07-11,1.0621820141084193
2013-07-12,1.0621820141084193
2013-07-15,1.0621820141084193
2013-07-16,1.0621820141084193
2013-07-17,1.0621820141084193
2013-07-18,1.0621820141084193
2013-07-19,1.0621820141084193
2013-07-22,1.0621820141084193
2013-07-23,1.0621820141084193
2013-07-24,1.0621820141084193
2013-07-25,1.0621820141084193
2013-07-26,1.0621820141084193
2013-07-29,1.0621820141084193
2013-07-30,1.0621820141084193
2013-07-31,1.0621820141084193
2013-08-01,1.0621820141084193
2013-08-02,1.0621820141084193
2013-08-05,1.0621820141084193
2013-08-06,1.0621820141084193
2013-08-07,1.0621820141084193
2013-08-08,1.0621820141084193
2013-08-09,1.0621820141084193
2013-08-12,1.0621820141084193
2013-08-13,1.0621820141084193
2013-08-14,1.0621820141084193
2013-08-15,1.0621820141084193
2013-08-16,1.0621820141084193
2013-08-19,1.0621820141084193
2013-08-20,1.0621820141084193
2013-08-21,1.0621820141084193
2013-08-22,1.0621820141084193
2013-08-23,1.0621820141084193
2013-08-26,1.0621820141084193
2013-08-27,1.0621820141084193
2013-08-28,1.0621820141084193
2013-08-29,1.0621820141084193
2013-08-30,1.0621820141084193
2013-09-02,1.0621820141084193
2013-09-03,1.0621820141084193
2013-09-04,1.0621820141084193
2013-09-05,1.0621820141084193
2013-09-06,1.0621820141084193
2013-09-09,1.0621820141084193
2013-09-10,1.0528720522317718
2013-09-11,1.0173249250663905
2013-09-12,1.0273340250768823
2013-09-13,1.0197271090689086
2013-09-16,1.0378922883397717
2013-09-17,1.02880969870434
2013-09-18,1.0444978080746308
2013-09-23,1.0733969569146404
2013-09-24,1.0775254067489275
2013-09-25,1.072571266947783
2013-09-26,1.0577088475443495
2013-09-27,1.0577088475443495
2013-09-30,1.0577088475443495
2013-10-08,1.0687102768650187
2013-10-09,1.092284768266453
2013-10-10,1.060066296684493
2013-10-11,1.068710276865019
2013-10-14,1.0789258898056404
2013-10-15,1.072639358765258
2013-10-16,1.0309910906227242
2013-10-17,1.0207754776821025
2013-10-18,1.0207754776821025
2013-10-21,1.0544947877556854
2013-10-22,1.0100466062950535
2013-10-23,0.9878225155647373
2013-10-24,0.9878225155647373
2013-10-25,0.9878225155647373
2013-10-28,0.9878225155647373
2013-10-29,0.9878225155647373
2013-10-30,0.9878225155647373
2013-10-31,0.9878225155647373
2013-11-01,0.9878225155647373
2013-11-04,0.9878225155647373
2013-11-05,0.9878225155647373
2013-11-06,0.9878225155647373
2013-11-07,0.9878225155647373
2013-11-08,0.9878225155647373
2013-11-11,0.9878225155647373
2013-11-12,0.9878225155647373
2013-11-13,0.9878225155647373
2013-11-14,0.9878225155647373
2013-11-15,0.9878225155647373
2013-11-18,0.9878225155647373
2013-11-19,0.9878225155647373
2013-11-20,0.9878225155647373
2013-11-21,0.9830369401966401
2013-11-22,0.9830369401966401
2013-11-25,0.9830369401966401
2013-11-26,0.9830369401966401
2013-11-27,0.9830369401966401
2013-11-28,0.9830369401966401
2013-11-29,1.0055320646862658
2013-12-02,0.9058036794489255
2013-12-03,0.913871566472357
2013-12-04,0.9256066748700758
2013-12-05,0.9256066748700758
2013-12-06,0.9239237536430392
2013-12-09,0.929813977937667
2013-12-10,0.929813977937667
2013-12-11,0.9205579111889663
2013-12-12,0.9222408324160029
2013-12-13,0.9239237536430395
2013-12-16,0.9079360019861926
2013-12-17,0.9079360019861926
2013-12-18,0.9079360019861926
2013-12-19,0.9079360019861926
2013-12-20,0.9079360019861926
2013-12-23,0.9079360019861926
2013-12-24,0.9079360019861926
2013-12-25,0.9079360019861926
2013-12-26,0.9079360019861926
2013-12-27,0.9079360019861926
2013-12-30,0.9079360019861926
2013-12-31,0.9079360019861926
2014-01-02,0.9079360019861926
2014-01-03,0.9079360019861926
2014-01-06,0.9079360019861926
2014-01-07,0.9079360019861926
2014-01-08,0.9079360019861926
2014-01-09,0.9079360019861926
2014-01-10,0.9079360019861926
2014-01-13,0.9079360019861926
2014-01-14,0.9079360019861926
2014-01-15,0.9079360019861926
2014-01-16,0.9079360019861926
2014-01-17,0.9079360019861926
2014-01-20,0.9079360019861926
2014-01-21,0.9079360019861926
2014-01-22,0.9079360019861926
2014-01-23,0.9079360019861926
2014-01-24,0.9079360019861926
2014-01-27,0.9079360019861926
2014-01-28,0.9079360019861926
2014-01-29,0.9079360019861926
2014-01-30,0.9079360019861926
2014-02-07,0.9079360019861926
2014-02-10,0.9079360019861926
2014-02-11,0.9079360019861926
2014-02-12,0.9079360019861926
2014-02-13,0.9079360019861926
2014-02-14,0.9079360019861926
2014-02-17,0.9079360019861926
2014-02-18,0.9079360019861926
2014-02-19,0.9079360019861926
2014-02-20,0.9079360019861926
2014-02-21,0.9079360019861926
2014-02-24,0.9079360019861926
2014-02-25,0.9079360019861926
2014-02-26,0.9079360019861926
2014-02-27,0.9079360019861926
2014-02-28,0.9079360019861926
2014-03-03,0.9079360019861926
2014-03-04,0.9079360019861926
2014-03-05,0.9079360019861926
2014-03-06,0.9079360019861926
2014-03-07,0.9079360019861926
2014-03-10,0.9079360019861926
2014-03-11,0.9079360019861926
2014-03-12,0.9079360019861926
2014-03-13,0.9079360019861926
2014-03-14,0.9079360019861926
2014-03-17,0.9079360019861926
2014-03-18,0.9079360019861926
2014-03-19,0.9079360019861926
2014-03-20,0.9079360019861926
2014-03-21,0.9079360019861926
2014-03-24,0.9079360019861926
2014-03-25,0.9079360019861926
2014-03-26,0.9079360019861926
2014-03-27,0.9079360019861926
2014-03-28,0.9079360019861926
2014-03-31,0.9079360019861926
2014-04-01,0.9079360019861926
2014-04-02,0.9079360019861926
2014-04-03,0.9079360019861926
2014-04-04,0.9079360019861926
2014-04-08,0.9079360019861926
2014-04-09,0.9079360019861926
2014-04-10,0.9079360019861926
2014-04-11,0.9079360019861926
2014-04-14,0.9079360019861926
2014-04-15,0.9079360019861926
2014-04-16,0.9079360019861926
2014-04-17,0.9079360019861926
2014-04-18,0.9079360019861926
2014-04-21,0.9079360019861926
2014-04-22,0.9079360019861926
2014-04-23,0.9079360019861926
2014-04-24,0.9079360019861926
2014-04-25,0.9079360019861926
2014-04-28,0.9079360019861926
2014-04-29,0.9079360019861926
2014-04-30,0.9079360019861926
2014-05-05,0.9079360019861926
2014-05-06,0.9079360019861926
2014-05-07,0.9079360019861926
2014-05-08,0.9079360019861926
2014-05-09,0.9079360019861926
2014-05-12,0.9079360019861926
2014-05-13,0.9079360019861926
2014-05-14,0.9079360019861926
2014-05-15,0.9079360019861926
2014-05-16,0.9079360019861926
2014-05-19,0.9079360019861926
2014-05-20,0.9079360019861926
2014-05-21,0.9079360019861926
2014-05-22,0.9079360019861926
2014-05-23,0.9079360019861926
2014-05-26,0.9079360019861926
2014-05-27,0.9079360019861926
2014-05-28,0.9079360019861926
2014-05-29,0.9079360019861926
2014-05-30,0.9079360019861926
2014-06-03,0.9079360019861926
2014-06-04,0.9079360019861926
2014-06-05,0.9079360019861926
2014-06-06,0.9079360019861926
2014-06-09,0.9079360019861926
2014-06-10,0.9079360019861926
2014-06-11,0.9079360019861926
2014-06-12,0.9079360019861926
2014-06-13,0.9079360019861926
2014-06-16,0.9079360019861926
2014-06-17,0.9079360019861926
2014-06-18,0.9079360019861926
2014-06-19,0.9079360019861926
2014-06-20,0.9079360019861926
2014-06-23,0.9079360019861926
2014-06-24,0.9079360019861926
2014-06-25,0.9079360019861926
2014-06-26,0.9079360019861926
2014-06-27,0.9079360019861926
2014-06-30,0.9079360019861926
2014-07-01,0.9079360019861926
2014-07-02,0.9079360019861926
2014-07-03,0.9079360019861926
2014-07-04,0.9079360019861926
2014-07-07,0.9079360019861926
2014-07-08,0.9079360019861926
2014-07-09,0.9079360019861926
2014-07-10,0.9079360019861926
2014-07-11,0.9079360019861926
2014-07-14,0.9079360019861926
2014-07-15,0.9079360019861926
2014-07-16,0.9079360019861926
2014-07-17,0.9079360019861926
2014-07-18,0.9079360019861926
2014-07-21,0.9079360019861926
2014-07-22,0.9079360019861926
2014-07-23,0.9079360019861926
2014-07-24,0.9079360019861926
2014-07-25,0.9182896581491932
2014-07-28,0.9429791459225019
2014-07-29,0.9453684511908865
2014-07-30,0.9421827108330403
2014-07-31,0.9549256722644255
2014-08-01,0.9433773634672327
2014-08-04,0.9636864582485026
2014-08-05,0.9608989354353871
2014-08-06,0.9549256722644254
2014-08-07,0.9445720161014248
2014-08-08,0.9449702336461557
2014-08-11,0.9581114126222716
2014-08-12,0.9541292371749637
2014-08-13,0.9569167599880792
2014-08-14,0.9453684511908864
2014-08-15,0.9569161114253029
2014-08-18,0.9707733037066023
2014-08-19,0.9730828357534855
2014-08-20,0.9730828357534855
2014-08-21,0.97154314772223
2014-08-22,0.9811555887597646
2014-08-25,0.9667369272034628
2014-08-26,0.9454522363346366
2014-08-27,0.9530048685784136
2014-08-28,0.9406460158158695
2014-08-29,0.9571244861659284
2014-09-01,0.972916353584735
2014-09-02,0.9818421916910169
2014-09-03,0.988021618072289
2014-09-04,1.0003804708348334
2014-09-05,1.0024402796285907
2014-09-09,1.0010670737660858
2014-09-10,1.002582693862628
2014-09-11,1.0053163890060846
2014-09-12,1.0135174744364537
2014-09-15,1.0135174744364537
2014-09-16,0.9827634040725693
2014-09-17,0.9910472335321849
2014-09-18,0.9978249121809613
2014-09-19,1.0068618170459964
2014-09-22,0.9925533843430242
2014-09-23,1.006108741640577
2014-09-24,1.0196640989381298
2014-09-25,1.0181579481272907
2014-09-26,1.0219233251543887
2014-09-29,1.0332194562356827
2014-09-30,1.039997134884459
2014-10-08,1.0580709446145293
2014-10-09,1.0588240200199488
2014-10-10,1.0535524921820116
2014-10-13,1.054305567587431
2014-10-14,1.0497871151549134
2014-10-15,1.054305567587431
2014-10-16,1.0384909840736198
2014-10-17,1.0279479283977455
2014-10-20,1.0297078392479206
2014-10-21,1.027257963348529
2014-10-22,1.014520264313573
2014-10-23,1.0017825652786165
2014-10-24,1.0022034946619967
2014-10-27,1.0014497373940832
2014-10-28,1.0251702345048237
2014-10-29,1.0407368107337471
2014-10-30,1.0385130141296153
2014-10-31,1.0392542796643258
2014-11-03,1.047408200546143
2014-11-04,1.0414780762684577
2014-11-05,1.0441939522243049
2014-11-06,1.0415987818664951
2014-11-07,1.045903948196505
2014-11-10,1.0487807649497358
2014-11-11,1.0419522421599443
2014-11-12,1.0572159989841843
2014-11-13,1.0511908318167211
2014-11-14,1.052395865250214
2014-11-17,1.0479774093274075
2014-11-18,1.0367304306148097
2014-11-19,1.033517008125496
2014-11-20,1.0351237193701528
2014-11-21,1.0548059321171988
2014-11-24,1.084931767954514
2014-11-25,1.0961787466671116
2014-11-26,1.1082290810020377
2014-11-27,1.1182710262811426
2014-11-28,1.14478176181798
2014-12-01,1.1459867952514728
2014-12-02,1.191376387913028
2014-12-03,1.2042300778702824
2014-12-04,1.2773354395021674
2014-12-05,1.2697035610900476
2014-12-08,1.3307585883870066
2014-12-09,1.2572515489439573
2014-12-10,1.3026411416055121
2014-12-11,1.2885824182147652
2014-12-12,1.2925991963264072
2014-12-15,1.3074612753394828
2014-12-16,1.3379887889879623
2014-12-17,1.3608844242243219
2014-12-18,1.3592777129796652
2014-12-19,1.3793616035378755
2014-12-22,1.3697213360699345
2014-12-23,1.3420055670996045
2014-12-24,1.3046495306613335
2014-12-25,1.3520475123787095
2014-12-26,1.4046673056412202
2014-12-29,1.3978387828514287
2014-12-30,1.3978387828514287
2014-12-31,1.4355964971008637
2015-01-05,1.481387767573583
2015-01-06,1.4713458222944777
2015-01-07,1.4709441444833136
2015-01-08,1.4388099195901773
2015-01-09,1.428366296499908
2015-01-12,1.4239478405771016
2015-01-13,1.421136095898952
2015-01-14,1.4179226734096384
2015-01-15,1.458090454526059
2015-01-16,1.4709441444833133
2015-01-19,1.3239300655972148
2015-01-20,1.3239927855343776
2015-01-21,1.3327821160358126
2015-01-22,1.3447675667195882
2015-01-23,1.3088112146682622
2015-01-26,1.3471646568563433
2015-01-27,1.3487627169475136
2015-01-28,1.3327821160358133
2015-01-29,1.3199976353064529
2015-01-30,1.2968257639844873
2015-02-02,1.3096102447138478
2015-02-03,1.352757867175439
2015-02-04,1.3567530174033642
2015-02-05,1.3655423479047994
2015-02-06,1.3271889057167183
2015-02-09,1.314404424987358
2015-02-10,1.3463656268107589
2015-02-11,1.3623462277224592
2015-02-12,1.3743316784062345
2015-02-13,1.4070919102752204
2015-02-16,1.462224983420587
2015-02-17,1.4542346829647368
2015-02-25,1.4406511721897914
2015-02-26,1.4494405026912267
2015-02-27,1.4885929749248925
2015-03-02,1.5293435072497283
2015-03-03,1.5045735758365928
2015-03-04,1.550118288434939
2015-03-05,1.548520228343769
2015-03-06,1.5021764856998379
2015-03-09,1.539730897842334
2015-03-10,1.57568724989366
2015-03-11,1.5660988893466399
2015-03-12,1.5501182884349394
2015-03-13,1.5916678508053606
2015-03-16,1.6468009239507269
2015-03-17,1.6404086835860467
2015-03-18,1.677164065682958
2015-03-19,1.673967945500618
2015-03-20,1.6987378769137533
2015-03-23,1.7626602805605551
2015-03-24,1.7467884020962778
2015-03-25,1.7583158222596935
2015-03-26,1.6830033438587102
2015-03-27,1.7122061416060306
2015-03-30,1.6853088278913937
2015-03-31,1.678732012953281
2015-04-01,1.7153398761641
2015-04-02,1.745634661566521
2015-04-03,1.7618457052788314
2015-04-07,1.7964783895733127
2015-04-08,1.7705715358255227
2015-04-09,1.7616660548497203
2015-04-10,1.7316620101199196
2015-04-13,1.7316620101199196
2015-04-14,1.7238903731915967
2015-04-15,1.709413763157986
2015-04-16,1.7245006843216981
2015-04-17,1.7363078400150378
2015-04-20,1.7100697162520602
2015-04-21,1.771073354000983
2015-04-22,1.8257361118405195
2015-04-23,1.8373246165025012
2015-04-24,1.8436654964118873
2015-04-27,1.8637813912968364
2015-04-28,1.8080253783005094
2015-04-29,1.8473825639449757
2015-04-30,1.8591897196383158
2015-05-04,1.871871479457088
2015-05-05,1.8016844983911233
2015-05-06,1.7708547029696247
2015-05-07,1.73368402763874
2015-05-08,1.8104305396454492
2015-05-11,1.9053250872548846
2015-05-12,1.9276274924534156
2015-05-13,1.8703346331379258
2015-05-14,1.8530851701182085
2015-05-15,1.858013588123842
2015-05-18,1.9448769554731329
2015-05-19,1.9621264184928502
2015-05-20,2.0107945462984813
2015-05-21,2.1007381749012937
2015-05-22,2.0834887118815764
2015-05-25,2.049605838092846
2015-05-26,2.1333889441886162
2015-05-27,2.1333889441886162
2015-05-28,2.026811904816791
2015-05-29,2.084720816382985
2015-06-01,2.1980744305125564
2015-06-02,2.3212848806533946
2015-06-03,2.334838030168887
2015-06-04,2.3108119923914234
2015-06-05,2.281241484357622
2015-06-08,2.2354870846891073
2015-06-09,2.2482416297294456
2015-06-10,2.285695452466946
2015-06-11,2.328210602601407
2015-06-12,2.368701221777083
2015-06-15,2.314848698273433
2015-06-16,2.223947258224039
2015-06-17,2.273548266714243
2015-06-18,2.195401371705187
2015-06-19,2.0530768453026838
2015-06-23,2.052671939110927
2015-06-24,2.0848619813555898
2015-06-25,2.0848619813555898
2015-06-26,2.0848619813555898
2015-06-29,2.0848619813555898
2015-06-30,2.0848619813555898
2015-07-01,2.0884454363326097
2015-07-02,2.083582176006654
2015-07-03,2.083582176006654
2015-07-06,2.083582176006654
2015-07-07,2.083582176006654
2015-07-08,2.093660360792602
2015-07-09,2.093660360792602
2015-07-10,2.0817774919413456
2015-07-13,2.0845391406760077
2015-07-14,2.0825165247013255
2015-07-15,2.0874369270243496
2015-07-16,2.098464073732471
2015-07-17,2.1121750762531515
2015-07-20,2.1082076372258904
2015-07-21,2.1074102597743334
2015-07-22,2.1065545376311987
2015-07-23,2.109160600521654
2015-07-24,2.1012451706976587
2015-07-27,2.1023342716071025
2015-07-28,2.1076825350016937
2015-07-29,2.114431070994142
2015-07-30,2.105582126104909
2015-07-31,2.103909578279691
2015-08-03,2.0332195164966067
2015-08-04,2.029261610377385
2015-08-05,1.9872056797577495
2015-08-06,1.9748659156837245
2015-08-07,2.0405940467718975
2015-08-10,2.154673906476657
2015-08-11,2.1471189488803155
2015-08-12,2.1118624800973875
2015-08-13,2.1637398555922673
2015-08-14,2.1843900730222674
2015-08-17,2.2463407253122694
2015-08-18,2.0546966342850683
2015-08-19,2.0546966342850683
2015-08-20,1.9743018169606585
2015-08-21,1.9743018169606585
2015-08-24,1.9743018169606585
2015-08-25,1.9743018169606585
2015-08-26,1.9743018169606585
2015-08-27,1.9743018169606585
2015-08-28,1.9743018169606585
2015-08-31,1.9743018169606585
2015-09-01,1.9743018169606585
2015-09-02,1.9743018169606585
2015-09-07,1.9743018169606585
2015-09-08,1.9743018169606585
2015-09-09,1.9743018169606585
2015-09-10,1.9743018169606585
2015-09-11,1.9743018169606585
2015-09-14,1.9743018169606585
2015-09-15,1.9743018169606585
2015-09-16,1.9743018169606585
2015-09-17,1.9743018169606585
2015-09-18,1.9743018169606585
2015-09-21,1.9743018169606585
2015-09-22,1.9743018169606585
2015-09-23,1.9743018169606585
2015-09-24,1.9743018169606585
2015-09-25,1.9743018169606585
2015-09-28,1.9743018169606585
2015-09-29,1.9743018169606585
2015-09-30,1.9743018169606585
2015-10-08,1.9743018169606585
2015-10-09,1.9743018169606585
2015-10-12,1.9743018169606585
2015-10-13,1.9743018169606585
2015-10-14,1.9743018169606585
2015-10-15,1.9743018169606585
2015-10-16,1.9743018169606585
2015-10-19,1.9743018169606585
2015-10-20,1.9743018169606585
2015-10-21,1.9743018169606585
2015-10-22,1.9743018169606585
2015-10-23,1.9743018169606585
2015-10-26,1.9743018169606585
2015-10-27,1.9743018169606585
2015-10-28,1.9743018169606585
2015-10-29,1.9743018169606585
2015-10-30,1.9743018169606585
2015-11-02,1.9743018169606585
2015-11-03,1.9743018169606585
2015-11-04,1.9743018169606585
2015-11-05,1.9743018169606585
2015-11-06,1.9743018169606585
2015-11-09,1.9743018169606585
2015-11-10,1.9743018169606585
2015-11-11,1.9743018169606585
2015-11-12,1.9743018169606585
2015-11-13,1.9743018169606585
2015-11-16,1.9743018169606585
2015-11-17,1.9743018169606585
2015-11-18,1.9743018169606585
2015-11-19,1.9743018169606585
2015-11-20,1.9743018169606585
2015-11-23,1.9743018169606585
2015-11-24,1.9743018169606585
2015-11-25,1.9743018169606585
2015-11-26,1.9743018169606585
2015-11-27,1.9743018169606585
2015-11-30,1.9743018169606585
2015-12-01,1.9743018169606585
2015-12-02,1.9743018169606585
2015-12-03,1.9743018169606585
2015-12-04,1.9743018169606585
2015-12-07,1.9743018169606585
2015-12-08,1.9743018169606585
2015-12-09,1.9743018169606585
2015-12-10,1.9743018169606585
2015-12-11,1.9743018169606585
2015-12-14,1.9743018169606585
2015-12-15,1.9743018169606585
2015-12-16,1.9743018169606585
2015-12-17,1.9743018169606585
2015-12-18,1.9743018169606585
2015-12-21,1.9743018169606585
2015-12-22,1.9743018169606585
2015-12-23,1.9743018169606585
2015-12-24,1.9743018169606585
2015-12-25,1.9743018169606585
2015-12-28,1.9743018169606585
2015-12-29,1.9743018169606585
2015-12-30,1.9743018169606585
2015-12-31,1.9743018169606585
2016-01-04,1.9743018169606585
2016-01-05,1.9743018169606585
2016-01-06,1.9743018169606585
2016-01-07,1.9743018169606585
2016-01-08,1.9743018169606585
2016-01-11,1.9743018169606585
2016-01-12,1.9743018169606585
2016-01-13,1.9743018169606585
2016-01-14,1.9743018169606585
2016-01-15,1.9743018169606585
2016-01-18,1.9743018169606585
2016-01-19,1.9743018169606585
2016-01-20,1.9743018169606585
2016-01-21,1.9743018169606585
2016-01-22,1.9743018169606585
2016-01-25,1.9743018169606585
2016-01-26,1.9743018169606585
2016-01-27,1.9743018169606585
2016-01-28,1.9743018169606585
2016-01-29,1.9743018169606585
2016-02-01,1.9743018169606585
2016-02-02,1.9743018169606585
2016-02-03,1.9743018169606585
2016-02-04,1.9743018169606585
2016-02-05,1.9743018169606585
2016-02-15,1.9743018169606585
2016-02-16,1.9743018169606585
2016-02-17,1.9743018169606585
2016-02-18,1.9743018169606585
2016-02-19,1.9743018169606585
2016-02-22,1.9743018169606585
2016-02-23,1.9743018169606585
2016-02-24,1.9743018169606585
2016-02-25,1.9743018169606585
2016-02-26,1.9743018169606585
2016-02-29,1.9743018169606585
2016-03-01,1.9743018169606585
2016-03-02,1.9743018169606585
2016-03-03,1.9743018169606585
2016-03-04,1.9743018169606585
2016-03-07,1.9743018169606585
2016-03-08,1.9743018169606585
2016-03-09,1.9743018169606585
2016-03-10,1.9743018169606585
2016-03-11,1.9743018169606585
2016-03-14,1.9743018169606585
2016-03-15,1.9743018169606585
2016-03-16,1.9743018169606585
2016-03-17,1.9743018169606585
2016-03-18,1.9743018169606585
2016-03-21,1.9743018169606585
2016-03-22,1.9743018169606585
2016-03-23,1.9743018169606585
2016-03-24,1.9743018169606585
2016-03-25,1.9743018169606585
2016-03-28,1.9743018169606585
2016-03-29,1.9743018169606585
2016-03-30,1.9743018169606585
2016-03-31,1.9743018169606585
2016-04-01,1.9743018169606585
2016-04-05,1.9743018169606585
2016-04-06,1.9743018169606585
2016-04-07,1.9743018169606585
2016-04-08,1.9743018169606585
2016-04-11,1.9743018169606585
2016-04-12,1.9743018169606585
2016-04-13,1.9743018169606585
2016-04-14,1.9743018169606585
2016-04-15,1.9743018169606585
2016-04-18,1.9743018169606585
2016-04-19,1.9743018169606585
2016-04-20,1.9743018169606585
2016-04-21,1.9743018169606585
2016-04-22,1.9743018169606585
2016-04-25,1.9743018169606585
2016-04-26,1.9743018169606585
2016-04-27,1.9743018169606585
2016-04-28,1.9743018169606585
2016-04-29,1.9743018169606585
2016-05-03,1.9743018169606585
2016-05-04,1.9743018169606585
2016-05-05,1.9743018169606585
2016-05-06,1.9743018169606585
2016-05-09,1.9743018169606585
2016-05-10,1.9743018169606585
2016-05-11,1.9743018169606585
2016-05-12,1.9743018169606585
2016-05-13,1.9743018169606585
2016-05-16,1.9743018169606585
2016-05-17,1.9743018169606585
2016-05-18,1.9743018169606585
2016-05-19,1.9743018169606585
2016-05-20,1.9743018169606585
2016-05-23,1.9743018169606585
2016-05-24,1.9743018169606585
2016-05-25,1.9743018169606585
2016-05-26,1.9743018169606585
2016-05-27,1.9743018169606585
2016-05-30,1.9743018169606585
2016-05-31,1.9743018169606585
2016-06-01,1.9743018169606585
2016-06-02,1.9743018169606585
2016-06-03,1.9743018169606585
2016-06-06,1.9743018169606585
2016-06-07,1.9743018169606585
2016-06-08,1.9743018169606585
2016-06-13,1.9743018169606585
2016-06-14,1.9743018169606585
2016-06-15,1.9743018169606585
2016-06-16,1.9743018169606585
2016-06-17,1.9743018169606585
2016-06-20,1.9743018169606585
2016-06-21,1.9743018169606585
2016-06-22,1.9743018169606585
2016-06-23,1.9743018169606585
2016-06-24,1.9743018169606585
2016-06-27,1.9743018169606585
2016-06-28,1.9743018169606585
2016-06-29,1.9743018169606585
2016-06-30,1.9743018169606585
2016-07-01,1.9743018169606585
2016-07-04,1.9743018169606585
2016-07-05,1.9743018169606585
2016-07-06,1.9743018169606585
2016-07-07,1.9743018169606585
2016-07-08,1.9743018169606585
2016-07-11,1.9743018169606585
2016-07-12,1.9743018169606585
2016-07-13,1.9743018169606585
2016-07-14,1.9810450515597224
2016-07-15,1.9810450515597224
2016-07-18,1.9731102916736356
2016-07-19,1.9731102916736356
2016-07-20,1.9731102916736356
2016-07-21,1.9731102916736356
2016-07-22,1.9731102916736356
2016-07-25,1.9731102916736356
2016-07-26,1.9731102916736356
2016-07-27,1.9731102916736356
2016-07-28,1.9731102916736356
2016-07-29,1.9731102916736356
2016-08-01,1.9731102916736356
2016-08-02,1.9731102916736356
2016-08-03,1.9731102916736356
2016-08-04,1.9731102916736356
2016-08-05,1.9731102916736356
2016-08-08,1.9731102916736356
2016-08-09,1.9731102916736356
2016-08-10,1.9731102916736356
2016-08-11,1.9731102916736356
2016-08-12,1.9731102916736356
2016-08-15,1.9702475745938162
2016-08-16,1.9645317417693489
2016-08-17,1.959959075509775
2016-08-18,1.9571011590975416
2016-08-19,1.9548148259677547
2016-08-22,1.9410968271890336
2016-08-23,1.942239993753927
2016-08-24,1.934237827799673
2016-08-25,1.9239493287156324
2016-08-26,1.9216629955858457
2016-08-29,1.9250991386266785
2016-08-30,1.9239537576130676
2016-08-31,1.9319346028298328
2016-09-01,1.9114124294152937
2016-09-02,1.9199633350046847
2016-09-05,1.9239537576130676
2016-09-06,1.940485508419224
2016-09-07,1.9277191563901501
2016-09-08,1.940485508419224
2016-09-09,1.9231597449511952
2016-09-12,1.8784775128494369
2016-09-13,1.8784775128494369
2016-09-14,1.8784775128494369
2016-09-19,1.8784775128494369
2016-09-20,1.8784775128494369
2016-09-21,1.878177947011751
2016-09-22,1.878177947011751
2016-09-23,1.87783414727772
2016-09-26,1.8798969456819061
2016-09-27,1.8821316439531082
2016-09-28,1.8687234543258964
2016-09-29,1.8664887560546948
2016-09-30,1.868895354192912
2016-10-10,1.7977288092484802
2016-10-11,1.7968804237792735
2016-10-12,1.7955556815028215
2016-10-13,1.7976752691451443
2016-10-14,1.799104175450381
2016-10-17,1.8006600956494168
2016-10-18,1.8008982467002896
2016-10-19,1.7929764069054204
2016-10-20,1.794032652211403
2016-10-21,1.7913920389464466
2016-10-24,1.8053872892507157
2016-10-25,1.8006528820236596
2016-10-26,1.7930430112019333
2016-10-27,1.7896316897990905
2016-10-28,1.775986404187719
2016-10-31,1.7723331850195396
2016-11-01,1.7832928425240775
2016-11-02,1.7654991648583933
2016-11-03,1.7790239080187698
2016-11-04,1.7733019012970719
2016-11-07,1.7748624485848077
2016-11-08,1.770731402945238
2016-11-09,1.8166686304572548
2016-11-10,1.782628814387199
2016-11-11,1.7580077823753624
2016-11-14,1.7605322048084113
2016-11-15,1.758512666861972
2016-11-16,1.759017551348582
2016-11-17,1.7630566272414603
2016-11-18,1.7569980134021426
2016-11-21,1.7650761651878997
2016-11-22,1.7827471222192433
2016-11-23,1.7857764291389018
2016-11-24,1.7908252740050001
2016-11-25,1.8105157689827827
2016-11-28,1.8185939207685395
2016-11-29,1.8327306863936141
2016-11-30,1.8160694983354904
2016-12-01,1.833235570880224
2016-12-02,1.8130401914158318
2016-12-05,1.7766885083799255
2016-12-06,1.7736592014602666
2016-12-07,1.7817373532460237
2016-12-08,1.785776429138902
2016-12-09,1.7958741188710983
2016-12-12,1.7484149771297761
2016-12-13,1.7484149771297761
2016-12-14,1.7484149771297761
2016-12-15,1.7484149771297761
2016-12-16,1.7484149771297761
2016-12-19,1.7484149771297761
2016-12-20,1.7484149771297761
2016-12-21,1.7484149771297761
2016-12-22,1.7484149771297761
2016-12-23,1.7484149771297761
2016-12-26,1.7484149771297761
2016-12-27,1.7484149771297761
2016-12-28,1.7484149771297761
2016-12-29,1.7484149771297761
2016-12-30,1.7484149771297761
2016-12-31,1.7484149771297761
2017-01-03,1.7484149771297761
2017-01-04,1.7484149771297761
2017-01-05,1.7484149771297761
2017-01-06,1.7484149771297761
2017-01-09,1.7484149771297761
2017-01-10,1.7484149771297761
2017-01-11,1.7484149771297761
2017-01-12,1.7484149771297761
2017-01-13,1.7484149771297761
2017-01-16,1.7484149771297761
2017-01-17,1.7484149771297761
2017-01-18,1.7484149771297761
2017-01-19,1.7484149771297761
2017-01-20,1.7484149771297761
2017-01-23,1.7484149771297761
2017-01-24,1.7484149771297761
2017-01-25,1.7484149771297761
2017-01-26,1.7484149771297761
2017-02-03,1.7484149771297761
2017-02-06,1.7484149771297761
2017-02-07,1.7484149771297761
2017-02-08,1.7484149771297761
2017-02-09,1.7484149771297761
2017-02-10,1.7484149771297761
2017-02-13,1.7484149771297761
2017-02-14,1.7484149771297761
2017-02-15,1.7484149771297761
2017-02-16,1.7484149771297761
2017-02-17,1.7484149771297761
2017-02-20,1.7484149771297761
2017-02-21,1.7484149771297761
2017-02-22,1.7484149771297761
2017-02-23,1.7484149771297761
2017-02-24,1.7484149771297761
2017-02-27,1.7484149771297761
2017-02-28,1.7484149771297761
2017-03-01,1.7484149771297761
2017-03-02,1.7484149771297761
2017-03-03,1.7484149771297761
2017-03-06,1.7484149771297761
2017-03-07,1.7484149771297761
2017-03-08,1.7484149771297761
2017-03-09,1.7484149771297761
2017-03-10,1.7484149771297761
2017-03-13,1.7484149771297761
2017-03-14,1.7484149771297761
2017-03-15,1.7484149771297761
2017-03-16,1.7484149771297761
2017-03-17,1.7484149771297761
2017-03-20,1.7484149771297761
2017-03-21,1.7484149771297761
2017-03-22,1.7484149771297761
2017-03-23,1.7484149771297761
2017-03-24,1.7484149771297761
2017-03-27,1.7484149771297761
2017-03-28,1.7484149771297761
2017-03-29,1.7484149771297761
2017-03-30,1.7484149771297761
2017-03-31,1.7484149771297761
2017-04-05,1.7484149771297761
2017-04-06,1.7484149771297761
2017-04-07,1.7484149771297761
2017-04-10,1.7484149771297761
2017-04-11,1.7484149771297761
2017-04-12,1.7484149771297761
2017-04-13,1.7484149771297761
2017-04-14,1.7484149771297761
2017-04-17,1.7484149771297761
2017-04-18,1.7484149771297761
2017-04-19,1.7484149771297761
2017-04-20,1.7484149771297761
2017-04-21,1.7484149771297761
2017-04-24,1.7484149771297761
2017-04-25,1.7484149771297761
2017-04-26,1.7484149771297761
2017-04-27,1.7484149771297761
2017-04-28,1.7484149771297761
2017-05-02,1.7484149771297761
2017-05-03,1.7484149771297761
2017-05-04,1.7484149771297761
2017-05-05,1.7484149771297761
2017-05-08,1.7484149771297761
2017-05-09,1.7484149771297761
2017-05-10,1.7484149771297761
2017-05-11,1.7484149771297761
2017-05-12,1.7484149771297761
2017-05-15,1.7484149771297761
2017-05-16,1.7484149771297761
2017-05-17,1.7484149771297761
2017-05-18,1.7484149771297761
2017-05-19,1.7484149771297761
2017-05-22,1.7484149771297761
2017-05-23,1.7484149771297761
2017-05-24,1.7484149771297761
2017-05-25,1.7484149771297761
2017-05-26,1.7484149771297761
2017-05-31,1.7484149771297761
2017-06-01,1.7484149771297761
2017-06-02,1.7484149771297761
2017-06-05,1.7484149771297761
2017-06-06,1.7484149771297761
2017-06-07,1.7484149771297761
2017-06-08,1.7484149771297761
2017-06-09,1.7484149771297761
2017-06-12,1.7484149771297761
2017-06-13,1.7484149771297761
2017-06-14,1.7484149771297761
2017-06-15,1.7484149771297761
2017-06-16,1.7484149771297761
2017-06-19,1.7484149771297761
2017-06-20,1.7484149771297761
2017-06-21,1.7484149771297761
2017-06-22,1.7484149771297761
2017-06-23,1.7484149771297761
2017-06-26,1.7484149771297761
2017-06-27,1.7484149771297761
2017-06-28,1.7484149771297761
2017-06-29,1.7484149771297761
2017-06-30,1.7484149771297761
2017-07-03,1.7484149771297761
2017-07-04,1.7484149771297761
2017-07-05,1.7484149771297761
2017-07-06,1.7484149771297761
2017-07-07,1.7484149771297761
2017-07-10,1.7484149771297761
2017-07-11,1.7484149771297761
2017-07-12,1.7484149771297761
2017-07-13,1.7484149771297761
2017-07-14,1.7484149771297761
2017-07-17,1.7484149771297761
2017-07-18,1.7484149771297761
2017-07-19,1.7484149771297761
2017-07-20,1.7484149771297761
2017-07-21,1.7484149771297761
2017-07-24,1.7484149771297761
2017-07-25,1.7484149771297761
2017-07-26,1.7484149771297761
2017-07-27,1.7484149771297761
2017-07-28,1.7484149771297761
2017-07-31,1.7484149771297761
2017-08-01,1.7484149771297761
2017-08-02,1.7484149771297761
2017-08-03,1.7484149771297761
2017-08-04,1.7484149771297761
2017-08-07,1.7484149771297761
2017-08-08,1.7484149771297761
2017-08-09,1.7484149771297761
2017-08-10,1.7484149771297761
2017-08-11,1.7484149771297761
2017-08-14,1.7484149771297761
2017-08-15,1.7484149771297761
2017-08-16,1.7484149771297761
2017-08-17,1.7484149771297761
2017-08-18,1.7484149771297761
2017-08-21,1.7484149771297761
2017-08-22,1.7484149771297761
2017-08-23,1.7484149771297761
2017-08-24,1.7484149771297761
2017-08-25,1.7484149771297761
2017-08-28,1.7484149771297761
2017-08-29,1.7484149771297761
2017-08-30,1.7484149771297761
2017-08-31,1.7484149771297761
2017-09-01,1.7484149771297761
2017-09-04,1.7484149771297761
2017-09-05,1.7484149771297761
2017-09-06,1.7484149771297761
2017-09-07,1.7484149771297761
2017-09-08,1.7484149771297761
2017-09-11,1.7484149771297761
2017-09-12,1.7484149771297761
2017-09-13,1.7484149771297761
2017-09-14,1.7484149771297761
2017-09-15,1.7484149771297761
2017-09-18,1.7484149771297761
2017-09-19,1.7484149771297761
2017-09-20,1.7484149771297761
2017-09-21,1.7484149771297761
2017-09-22,1.7484149771297761
2017-09-25,1.7484149771297761
2017-09-26,1.7484149771297761
2017-09-27,1.7484149771297761
2017-09-28,1.7484149771297761
2017-09-29,1.7484149771297761
2017-10-09,1.7484149771297761
2017-10-10,1.7484149771297761
2017-10-11,1.7484149771297761
2017-10-12,1.7484149771297761
2017-10-13,1.7484149771297761
2017-10-16,1.7484149771297761
2017-10-17,1.7484149771297761
2017-10-18,1.7484149771297761
2017-10-19,1.7484149771297761
2017-10-20,1.7484149771297761
2017-10-23,1.7484149771297761
2017-10-24,1.7484149771297761
2017-10-25,1.7484149771297761
2017-10-26,1.7484149771297761
2017-10-27,1.7484149771297761
2017-10-30,1.7484149771297761
2017-10-31,1.7471246339732227
2017-11-01,1.7411030325759735
2017-11-02,1.744113833274598
2017-11-03,1.7393825750339025
2017-11-06,1.754866692912543
2017-11-07,1.772071268333254
2017-11-08,1.7682002388635938
2017-11-09,1.7815337848146453
2017-11-10,1.797448017078803
2017-11-13,1.8013190465484625
2017-11-14,1.7875553862118934
2017-11-15,1.7746519546463604
2017-11-16,1.7914264156815538
2017-11-17,1.7935769876091427
2017-11-20,1.8077707623312298
2017-11-21,1.8434702563292051
2017-11-22,1.8430401419436875
2017-11-23,1.7845445855132693
2017-11-24,1.7862650430553402
2017-11-27,1.7574473792256493
2017-11-28,1.7597919821710617
2017-11-29,1.7580772031384952
2017-11-30,1.7379285495058425
2017-12-01,1.7282927732061255
2017-12-04,1.7355348183489658
2017-12-05,1.7377067536217161
2017-12-06,1.7262287891146262
2017-12-07,1.7262287891146262
2017-12-08,1.72495129275167
2017-12-11,1.72495129275167
2017-12-12,1.724131029133052
2017-12-13,1.7243045464369906
2017-12-14,1.7248093240484474
2017-12-15,1.7252194558577563
2017-12-18,1.7262921082821023
2017-12-19,1.7276960210139671
2017-12-20,1.727601375211819
2017-12-21,1.7273174378053744
2017-12-22,1.727979958420412
2017-12-25,1.728421638830437
2017-12-26,1.7287213505372396
2017-12-27,1.7289421907422522
2017-12-28,1.7225220504965324
2017-12-29,1.7280334427329231
2017-12-31,1.7280334427329231
2018-01-02,1.7280334427329231
2018-01-03,1.7280334427329231
2018-01-04,1.7280334427329231
2018-01-05,1.7280334427329231
2018-01-08,1.7280334427329231
2018-01-09,1.7280334427329231
2018-01-10,1.7280334427329231
2018-01-11,1.7280334427329231
2018-01-12,1.7280334427329231
2018-01-15,1.7280334427329231
2018-01-16,1.7280334427329231
2018-01-17,1.7280334427329231
2018-01-18,1.7280334427329231
2018-01-19,1.7280334427329231
2018-01-22,1.7280334427329231
2018-01-23,1.7280334427329231
2018-01-24,1.7280334427329231
2018-01-25,1.7280334427329231
2018-01-26,1.7280334427329231
2018-01-29,1.7280334427329231
2018-01-30,1.7280334427329231
2018-01-31,1.7280334427329231
2018-02-01,1.7280334427329231
2018-02-02,1.7280334427329231
2018-02-05,1.7280334427329231
2018-02-06,1.7280334427329231
2018-02-07,1.7280334427329231
2018-02-08,1.7280334427329231
2018-02-09,1.7280334427329231
2018-02-12,1.7280334427329231
2018-02-13,1.7280334427329231
2018-02-14,1.7280334427329231
2018-02-22,1.7280334427329231
2018-02-23,1.7280334427329231
2018-02-26,1.7280334427329231
2018-02-27,1.7280334427329231
2018-02-28,1.7280334427329231
2018-03-01,1.7280334427329231
2018-03-02,1.7280334427329231
2018-03-05,1.7280334427329231
2018-03-06,1.7280334427329231
2018-03-07,1.7280334427329231
2018-03-08,1.7280334427329231
2018-03-09,1.7280334427329231
2018-03-12,1.7280334427329231
2018-03-13,1.7280334427329231
2018-03-14,1.7280334427329231
2018-03-15,1.7280334427329231
2018-03-16,1.7280334427329231
2018-03-19,1.7280334427329231
2018-03-20,1.7280334427329231
2018-03-21,1.7280334427329231
2018-03-22,1.7280334427329231
2018-03-23,1.7280334427329231
2018-03-26,1.7280334427329231
2018-03-27,1.7280334427329231
2018-03-28,1.7280334427329231
2018-03-29,1.7280334427329231
2018-03-30,1.7280334427329231
2018-04-02,1.7280334427329231
2018-04-03,1.7280334427329231
2018-04-04,1.7280334427329231
2018-04-09,1.7280334427329231
2018-04-10,1.7280334427329231
2018-04-11,1.7280334427329231
2018-04-12,1.7280334427329231
2018-04-13,1.7280334427329231
2018-04-16,1.7280334427329231
2018-04-17,1.7280334427329231
2018-04-18,1.7280334427329231
2018-04-19,1.7280334427329231
2018-04-20,1.7280334427329231
2018-04-23,1.7280334427329231
2018-04-24,1.7280334427329231
2018-04-25,1.7280334427329231
2018-04-26,1.7280334427329231
2018-04-27,1.7280334427329231
2018-05-02,1.7280334427329231
2018-05-03,1.7280334427329231
2018-05-04,1.7280334427329231
2018-05-07,1.7280334427329231
2018-05-08,1.7280334427329231
2018-05-09,1.7280334427329231
2018-05-10,1.7280334427329231
2018-05-11,1.7280334427329231
2018-05-14,1.7280334427329231
2018-05-15,1.7280334427329231
2018-05-16,1.7280334427329231
2018-05-17,1.7280334427329231
2018-05-18,1.7280334427329231
2018-05-21,1.7280334427329231
2018-05-22,1.7280334427329231
2018-05-23,1.7280334427329231
2018-05-24,1.7280334427329231
2018-05-25,1.7280334427329231
2018-05-28,1.7280334427329231
2018-05-29,1.7280334427329231
2018-05-30,1.7280334427329231
2018-05-31,1.7280334427329231
2018-06-01,1.7280334427329231
2018-06-04,1.7280334427329231
2018-06-05,1.7280334427329231
2018-06-06,1.7280334427329231
2018-06-07,1.7280334427329231
2018-06-08,1.7280334427329231
2018-06-11,1.7280334427329231
2018-06-12,1.7280334427329231
2018-06-13,1.7280334427329231
2018-06-14,1.7280334427329231
2018-06-15,1.7280334427329231
2018-06-19,1.7280334427329231
2018-06-20,1.7280334427329231
2018-06-21,1.7280334427329231
2018-06-22,1.7280334427329231
2018-06-25,1.7280334427329231
2018-06-26,1.7280334427329231
2018-06-27,1.7280334427329231
2018-06-28,1.7280334427329231
2018-06-29,1.7280334427329231
2018-06-30,1.7280334427329231
2018-07-02,1.7280334427329231
2018-07-03,1.7280334427329231
2018-07-04,1.7280334427329231
2018-07-05,1.7280334427329231
2018-07-06,1.7280334427329231
2018-07-09,1.7280334427329231
2018-07-10,1.7280334427329231
2018-07-11,1.7280334427329231
2018-07-12,1.7280334427329231
2018-07-13,1.7280334427329231
2018-07-16,1.7280334427329231
2018-07-17,1.7280334427329231
2018-07-18,1.7280334427329231
2018-07-19,1.7280334427329231
2018-07-20,1.7280334427329231
2018-07-23,1.7280334427329231
2018-07-24,1.7280334427329231
2018-07-25,1.7280334427329231
2018-07-26,1.7280334427329231
2018-07-27,1.7280334427329231
2018-07-30,1.7280334427329231
2018-07-31,1.7280334427329231
2018-08-01,1.7280334427329231
2018-08-02,1.7280334427329231
2018-08-03,1.7280334427329231
2018-08-06,1.7280334427329231
2018-08-07,1.7280334427329231
2018-08-08,1.7280334427329231
2018-08-09,1.7280334427329231
2018-08-10,1.7280334427329231
2018-08-13,1.7280334427329231
2018-08-14,1.7280334427329231
2018-08-15,1.7280334427329231
2018-08-16,1.7280334427329231
2018-08-17,1.7280334427329231
2018-08-20,1.7280334427329231
2018-08-21,1.7280334427329231
2018-08-22,1.7280334427329231
2018-08-23,1.7280334427329231
2018-08-24,1.7280334427329231
2018-08-27,1.7280334427329231
2018-08-28,1.7280334427329231
2018-08-29,1.7280334427329231
2018-08-30,1.7280334427329231
2018-08-31,1.7280334427329231
2018-09-03,1.7280334427329231
2018-09-04,1.7280334427329231
2018-09-05,1.7280334427329231
2018-09-06,1.7280334427329231
2018-09-07,1.7280334427329231
2018-09-10,1.7280334427329231
2018-09-11,1.7280334427329231
2018-09-12,1.7280334427329231
2018-09-13,1.7280334427329231
2018-09-14,1.7280334427329231
2018-09-17,1.7280334427329231
2018-09-18,1.7280334427329231
2018-09-19,1.7280334427329231
2018-09-20,1.7280334427329231
2018-09-21,1.7280334427329231
2018-09-25,1.7280334427329231
2018-09-26,1.7280334427329231
2018-09-27,1.7280334427329231
2018-09-28,1.7280334427329231
2018-10-08,1.7280334427329231
2018-10-09,1.7280334427329231
2018-10-10,1.7280334427329231
2018-10-11,1.7280334427329231
2018-10-12,1.7280334427329231
2018-10-15,1.7280334427329231
2018-10-16,1.7280334427329231
2018-10-17,1.7280334427329231
2018-10-18,1.7280334427329231
2018-10-19,1.7280334427329231
2018-10-22,1.7280334427329231
2018-10-23,1.7280334427329231
2018-10-24,1.7280334427329231
2018-10-25,1.7280334427329231
2018-10-26,1.7280334427329231
2018-10-29,1.7280334427329231
2018-10-30,1.7280334427329231
2018-10-31,1.7280334427329231
2018-11-01,1.7280334427329231
2018-11-02,1.7280334427329231
2018-11-05,1.7280334427329231
2018-11-06,1.7280334427329231
2018-11-07,1.7280334427329231
2018-11-08,1.7280334427329231
2018-11-09,1.7280334427329231
2018-11-12,1.7280334427329231
2018-11-13,1.7280334427329231
2018-11-14,1.7280334427329231
2018-11-15,1.7280334427329231
2018-11-16,1.7280334427329231
2018-11-19,1.7280334427329231
2018-11-20,1.7280334427329231
2018-11-21,1.7280334427329231
2018-11-22,1.7280334427329231
2018-11-23,1.7280334427329231
2018-11-26,1.7280334427329231
2018-11-27,1.7280334427329231
2018-11-28,1.7280334427329231
2018-11-29,1.7280334427329231
2018-11-30,1.7280334427329231
2018-12-03,1.7280334427329231
2018-12-04,1.7280334427329231
2018-12-05,1.7280334427329231
2018-12-06,1.7280334427329231
2018-12-07,1.7280334427329231
2018-12-10,1.7280334427329231
2018-12-11,1.7280334427329231
2018-12-12,1.7280334427329231
2018-12-13,1.7280334427329231
2018-12-14,1.7280334427329231
2018-12-17,1.7280334427329231
2018-12-18,1.7280334427329231
2018-12-19,1.7280334427329231
2018-12-20,1.7280334427329231
2018-12-21,1.7280334427329231
2018-12-24,1.7280334427329231
2018-12-25,1.7280334427329231
2018-12-26,1.7280334427329231
2018-12-27,1.7280334427329231
2018-12-28,1.7280334427329231
2018-12-31,1.7280334427329231
2019-01-02,1.7280334427329231
2019-01-03,1.7280334427329231
2019-01-04,1.7280334427329231
2019-01-07,1.7280334427329231
2019-01-08,1.7280334427329231
2019-01-09,1.7280334427329231
2019-01-10,1.7280334427329231
2019-01-11,1.7280334427329231
2019-01-14,1.7280334427329231
2019-01-15,1.7280334427329231
2019-01-16,1.7280334427329231
2019-01-17,1.7280334427329231
2019-01-18,1.7280334427329231
2019-01-21,1.7280334427329231
2019-01-22,1.7280334427329231
2019-01-23,1.7280334427329231
2019-01-24,1.7280334427329231
2019-01-25,1.7280334427329231
2019-01-28,1.7280334427329231
2019-01-29,1.7280334427329231
2019-01-30,1.7280334427329231
2019-01-31,1.7280334427329231
2019-02-01,1.7280334427329231
2019-02-11,1.7280334427329231
2019-02-12,1.7280334427329231
2019-02-13,1.7280334427329231
2019-02-14,1.7280334427329231
2019-02-15,1.7280334427329231
2019-02-18,1.7280334427329231
2019-02-19,1.7280334427329231
2019-02-20,1.7280334427329231
2019-02-21,1.7280334427329231
2019-02-22,1.7280334427329231
2019-02-25,1.7280334427329231
2019-02-26,1.7280334427329231
2019-02-27,1.7280334427329231
2019-02-28,1.7280334427329231
2019-03-01,1.7280334427329231
2019-03-04,1.7280334427329231
2019-03-05,1.7280334427329231
2019-03-06,1.7280334427329231
2019-03-07,1.7280334427329231
2019-03-08,1.7280334427329231
2019-03-11,1.7280334427329231
2019-03-12,1.7280334427329231
2019-03-13,1.7280334427329231
2019-03-14,1.7280334427329231
2019-03-15,1.7280334427329231
2019-03-18,1.7280334427329231
2019-03-19,1.7280334427329231
2019-03-20,1.7280334427329231
2019-03-21,1.7280334427329231
2019-03-22,1.7280334427329231
2019-03-25,1.7280334427329231
2019-03-26,1.7280334427329231
2019-03-27,1.7280334427329231
2019-03-28,1.7280334427329231
2019-03-29,1.7280334427329231
2019-04-01,1.7280334427329231
2019-04-02,1.7280334427329231
2019-04-03,1.7280334427329231
2019-04-04,1.7280334427329231
2019-04-08,1.7280334427329231
2019-04-09,1.7280334427329231
2019-04-10,1.7280334427329231
2019-04-11,1.7280334427329231
2019-04-12,1.7280334427329231
2019-04-15,1.7280334427329231
2019-04-16,1.7280334427329231
2019-04-17,1.7280334427329231
2019-04-18,1.7280334427329231
2019-04-19,1.7280334427329231
2019-04-22,1.7280334427329231
2019-04-23,1.7280334427329231
2019-04-24,1.7280334427329231
2019-04-25,1.7280334427329231
2019-04-26,1.7280334427329231
2019-04-29,1.7280334427329231
2019-04-30,1.7280334427329231
2019-05-06,1.7280334427329231
2019-05-07,1.7280334427329231
2019-05-08,1.7280334427329231
2019-05-09,1.7280334427329231
2019-05-10,1.7280334427329231
2019-05-13,1.7280334427329231
2019-05-14,1.7280334427329231
2019-05-15,1.7280334427329231
2019-05-16,1.7280334427329231
2019-05-17,1.7280334427329231
2019-05-20,1.7280334427329231
2019-05-21,1.7280334427329231
2019-05-22,1.7280334427329231
2019-05-23,1.7280334427329231
2019-05-24,1.7280334427329231
2019-05-27,1.7280334427329231
2019-05-28,1.7280334427329231
2019-05-29,1.7280334427329231
2019-05-30,1.7280334427329231
2019-05-31,1.7280334427329231
2019-06-03,1.7280334427329231
2019-06-04,1.7280334427329231
2019-06-05,1.7280334427329231
2019-06-06,1.7280334427329231
2019-06-10,1.7280334427329231
2019-06-11,1.7280334427329231
2019-06-12,1.7280334427329231
2019-06-13,1.7280334427329231
2019-06-14,1.7280334427329231
2019-06-17,1.7280334427329231
2019-06-18,1.7280334427329231
2019-06-19,1.7280334427329231
2019-06-20,1.7280334427329231
2019-06-21,1.7280334427329231
2019-06-24,1.7280334427329231
2019-06-25,1.7280334427329231
2019-06-26,1.7280334427329231
2019-06-27,1.7280334427329231
2019-06-28,1.7280334427329231
2019-06-30,1.7280334427329231
2019-07-01,1.7280334427329231
2019-07-02,1.7280334427329231
2019-07-03,1.7280334427329231
2019-07-04,1.7280334427329231
2019-07-05,1.7280334427329231
2019-07-08,1.7280334427329231
2019-07-09,1.7280334427329231
2019-07-10,1.7280334427329231
2019-07-11,1.7280334427329231
2019-07-12,1.7280334427329231
2019-07-15,1.7280334427329231
2019-07-16,1.7280334427329231
2019-07-17,1.7280334427329231
2019-07-18,1.7280334427329231
2019-07-19,1.7280334427329231
2019-07-22,1.7280334427329231
2019-07-23,1.7280334427329231
2019-07-24,1.7280334427329231
2019-07-25,1.7280334427329231
2019-07-26,1.7280334427329231
2019-07-29,1.7280334427329231
2019-07-30,1.7280334427329231
2019-07-31,1.7280334427329231
2019-08-01,1.7280334427329231
2019-08-02,1.7280334427329231
2019-08-05,1.7280334427329231
2019-08-06,1.7280334427329231
2019-08-07,1.7280334427329231
2019-08-08,1.7280334427329231
2019-08-09,1.7280334427329231
2019-08-12,1.7280334427329231
2019-08-13,1.7280334427329231
2019-08-14,1.7280334427329231
2019-08-15,1.7280334427329231
2019-08-16,1.7280334427329231
2019-08-19,1.7280334427329231
2019-08-20,1.7280334427329231
2019-08-21,1.7280334427329231
2019-08-22,1.7280334427329231
2019-08-23,1.7280334427329231
2019-08-26,1.7280334427329231
2019-08-27,1.7280334427329231
2019-08-28,1.7280334427329231
2019-08-29,1.7280334427329231
2019-08-30,1.7280334427329231
2019-09-02,1.7280334427329231
2019-09-03,1.7280334427329231
2019-09-04,1.7280334427329231
2019-09-05,1.7280334427329231
2019-09-06,1.7280334427329231
2019-09-09,1.7280334427329231
2019-09-10,1.7280334427329231
2019-09-11,1.7280334427329231
2019-09-12,1.7280334427329231
2019-09-16,1.7280334427329231
2019-09-17,1.7280334427329231
2019-09-18,1.7280334427329231
2019-09-19,1.7280334427329231
2019-09-20,1.7280334427329231
2019-09-23,1.7280334427329231
2019-09-24,1.7280334427329231
2019-09-25,1.7280334427329231
2019-09-26,1.7280334427329231
2019-09-27,1.7280334427329231
2019-09-30,1.7280334427329231
2019-10-08,1.7280334427329231
2019-10-09,1.7280334427329231
2019-10-10,1.7280334427329231
2019-10-11,1.7280334427329231
2019-10-14,1.7280334427329231
2019-10-15,1.7280334427329231
2019-10-16,1.7280334427329231
2019-10-17,1.7280334427329231
2019-10-18,1.7280334427329231
2019-10-21,1.7280334427329231
2019-10-22,1.7280334427329231
2019-10-23,1.7280334427329231
2019-10-24,1.7280334427329231
2019-10-25,1.7280334427329231
2019-10-28,1.7280334427329231
2019-10-29,1.7280334427329231
2019-10-30,1.7280334427329231
2019-10-31,1.7280334427329231
2019-11-01,1.7280334427329231
2019-11-04,1.7280334427329231
2019-11-05,1.7280334427329231
2019-11-06,1.7280334427329231
2019-11-07,1.7280334427329231
2019-11-08,1.7280334427329231
2019-11-11,1.7280334427329231
2019-11-12,1.7280334427329231
2019-11-13,1.7280334427329231
2019-11-14,1.7280334427329231
2019-11-15,1.7280334427329231
2019-11-18,1.7280334427329231
2019-11-19,1.7280334427329231
2019-11-20,1.7280334427329231
2019-11-21,1.7280334427329231
2019-11-22,1.7280334427329231
2019-11-25,1.7280334427329231
2019-11-26,1.7280334427329231
2019-11-27,1.7280334427329231
2019-11-28,1.7280334427329231
2019-11-29,1.7280334427329231
2019-12-02,1.7280334427329231
2019-12-03,1.7280334427329231
2019-12-04,1.7280334427329231
2019-12-05,1.7280334427329231
2019-12-06,1.7280334427329231
2019-12-09,1.7280334427329231
2019-12-10,1.7280334427329231
2019-12-11,1.7280334427329231
2019-12-12,1.7280334427329231
2019-12-13,1.7280334427329231
2019-12-16,1.7280334427329231
2019-12-17,1.7280334427329231
2019-12-18,1.7280334427329231
2019-12-19,1.7280334427329231
2019-12-20,1.7280334427329231
2019-12-23,1.7280334427329231
2019-12-24,1.7280334427329231
2019-12-25,1.7280334427329231
2019-12-26,1.7280334427329231
2019-12-27,1.7280334427329231
2019-12-30,1.7280334427329231
2019-12-31,1.7280334427329231
2020-01-02,1.7280334427329231
2020-01-03,1.7280334427329231
2020-01-06,1.7280334427329231
2020-01-07,1.7280334427329231
2020-01-08,1.7280334427329231
2020-01-09,1.7280334427329231
2020-01-10,1.7280334427329231
2020-01-13,1.7280334427329231
2020-01-14,1.7280334427329231
2020-01-15,1.7280334427329231
2020-01-16,1.7280334427329231
2020-01-17,1.7280334427329231
2020-01-20,1.7280334427329231
2020-01-21,1.7280334427329231
2020-01-22,1.7280334427329231
2020-01-23,1.7280334427329231
2020-02-03,1.7280334427329231
2020-02-04,1.7280334427329231
2020-02-05,1.7280334427329231
2020-02-06,1.7280334427329231
2020-02-07,1.7280334427329231
2020-02-10,1.7280334427329231
2020-02-11,1.7280334427329231
2020-02-12,1.7280334427329231
2020-02-13,1.7280334427329231
2020-02-14,1.7280334427329231
2020-02-17,1.7280334427329231
2020-02-18,1.7280334427329231
2020-02-19,1.7280334427329231
2020-02-20,1.7280334427329231
2020-02-21,1.7280334427329231
2020-02-24,1.7280334427329231
2020-02-25,1.7280334427329231
2020-02-26,1.7280334427329231
2020-02-27,1.7280334427329231
2020-02-28,1.7280334427329231
2020-03-02,1.7280334427329231
2020-03-03,1.7280334427329231
2020-03-04,1.7280334427329231
2020-03-05,1.7280334427329231
2020-03-06,1.7280334427329231
2020-03-09,1.7280334427329231
2020-03-10,1.7280334427329231
2020-03-11,1.7280334427329231
2020-03-12,1.7280334427329231
2020-03-13,1.7280334427329231
2020-03-16,1.7280334427329231
2020-03-17,1.7280334427329231
2020-03-18,1.7280334427329231
2020-03-19,1.7280334427329231
2020-03-20,1.7280334427329231
2020-03-23,1.7280334427329231
2020-03-24,1.7280334427329231
2020-03-25,1.7280334427329231
2020-03-26,1.7280334427329231
2020-03-27,1.7280334427329231
2020-03-30,1.7280334427329231
2020-03-31,1.7280334427329231
2020-04-01,1.7280334427329231
2020-04-02,1.7280334427329231
2020-04-03,1.7280334427329231
2020-04-07,1.7280334427329231
2020-04-08,1.7280334427329231
2020-04-09,1.7280334427329231
2020-04-10,1.7280334427329231
2020-04-13,1.7280334427329231
2020-04-14,1.7280334427329231
2020-04-15,1.7280334427329231
2020-04-16,1.7280334427329231
2020-04-17,1.7280334427329231
2020-04-20,1.7280334427329231
2020-04-21,1.7280334427329231
2020-04-22,1.7280334427329231
2020-04-23,1.7280334427329231
2020-04-24,1.7280334427329231
2020-04-27,1.7280334427329231
2020-04-28,1.7280334427329231
2020-04-29,1.7280334427329231
2020-04-30,1.7280334427329231
2020-05-06,1.7280334427329231
2020-05-07,1.7280334427329231
2020-05-08,1.7280334427329231
2020-05-11,1.7128010225717125
2020-05-12,1.7288796882974353
2020-05-13,1.7415733717651107
2020-05-14,1.7229559693458532
2020-05-15,1.7229559693458532
2020-05-18,1.7229559693458532
2020-05-19,1.7229559693458532
2020-05-20,1.7062363578044086
2020-05-21,1.6873740212570596
2020-05-22,1.6873740212570596
2020-05-25,1.6873740212570596
2020-05-26,1.6873740212570596
2020-05-27,1.6873740212570596
2020-05-28,1.6873740212570596
2020-05-29,1.6873740212570596
2020-06-01,1.6873740212570596
2020-06-02,1.685703629551476
2020-06-03,1.6829196433755034
2020-06-04,1.6680835445580742
2020-06-05,1.6719397482608176
2020-06-08,1.660724052776557
2020-06-09,1.6839565648510966
2020-06-10,1.6999789869714685
2020-06-11,1.697575623653413
2020-06-12,1.715200287985822
2020-06-15,1.715200287985822
2020-06-16,1.7488473744386028
2020-06-17,1.7528529799686963
2020-06-18,1.7576597066048076
2020-06-19,1.792909035269626
2020-06-22,1.812937062920091
2020-06-23,1.8481863915849095
2020-06-24,1.8481863915849095
2020-06-29,1.8385729383126863
2020-06-30,1.8898446890978766
2020-07-01,1.8762256302955607
2020-07-02,1.8826345991437095
2020-07-03,1.9066682323242672
2020-07-06,1.9627467097455693
2020-07-07,1.9430535989454465
2020-07-08,1.9981701812567234
2020-07-09,2.075799170427536
2020-07-10,2.0843383592363254
2020-07-13,2.1751642765661763
2020-07-14,2.1479941303563916
2020-07-15,2.1130610852295257
2020-07-16,1.9857495429893925
2020-07-17,2.005156790282096
2020-07-20,2.0268929072499238
2020-07-21,2.0517341837845837
2020-07-22,2.0789043299943684
2020-07-23,2.100640446962196
2020-07-24,1.9694474552635222
2020-07-27,1.9717763249386464
2020-07-28,1.9868379075167462
2020-07-29,2.043641590382722
2020-07-30,2.0222901110802156
2020-07-31,2.0649930696852277
2020-08-03,2.1153215566125634
2020-08-04,2.0878696546521986
2020-08-05,2.106933475458008
2020-08-06,2.1248150088008253
2020-08-07,2.139737727273968
2020-08-10,2.1206983968082347
2020-08-11,2.080561429880472
2020-08-12,1.9543615434826027
2020-08-13,1.9791898595629174
2020-08-14,2.0072556687767946
2020-08-17,2.0358717879752577
2020-08-18,2.0797600885260343
2020-08-19,2.0535309858300077
2020-08-20,2.013018708398521
2020-08-21,2.008603908934833
2020-08-24,2.019337747308149
2020-08-25,2.0091543621847467
2020-08-26,1.9753014873150585
2020-08-27,1.9902281988061044
2020-08-28,2.038740011152003
2020-08-31,2.0209108835376983
2020-09-01,2.035008333279242
2020-09-02,2.0333498097802365
2020-09-03,2.025057192285211
2020-09-04,2.002252494173891
2020-09-07,1.9620332993230178
2020-09-08,1.9620332993230178
2020-09-09,1.916241521311063
2020-09-10,1.9290139846964927
2020-09-11,1.924425818237649
2020-09-14,1.924425818237649
2020-09-15,1.924425818237649
2020-09-16,1.924425818237649
2020-09-17,1.924425818237649
2020-09-18,1.9368785487688034
2020-09-21,1.9332385198443123
2020-09-22,1.9221268526011284
2020-09-23,1.9215718608108594
2020-09-24,1.919970313073226
2020-09-25,1.9179723426282573
2020-09-28,1.916370794890624
2020-09-29,1.9146582487949366
2020-09-30,1.9146582487949366
2020-10-09,1.9146582487949366
2020-10-12,1.9146582487949366
2020-10-13,1.9182263782187066
2020-10-14,1.903953860523627
2020-10-15,1.8911085945980552
2020-10-16,1.8796905804419914
2020-10-19,1.855427300360356
2020-10-20,1.8875404651742853
2020-10-21,1.863990810977404
2020-10-22,1.8425820344347843
2020-10-23,1.7954827260410215
2020-10-26,1.7819772145204458
2020-10-27,1.8009718393890017
2020-10-28,1.8129314180099443
2020-10-29,1.8340365567527843
2020-10-30,1.8030823532632858
2020-11-02,1.8410716030003975
2020-11-03,1.8635837509927602
2020-11-04,1.869915292615612
2020-11-05,1.8924274406079746
2020-11-06,1.8551416954956241
2020-11-09,1.8914876345913778
2020-11-10,1.8859507019499868
2020-11-11,1.8914876345913776
2020-11-12,1.90256149987416
2020-11-13,1.8909518024002754
2020-11-16,1.9298889416203813
2020-11-17,1.9422130820157357
2020-11-18,1.9493575112304342
2020-11-19,1.9413200283638987
2020-11-20,1.952751115107416
2020-11-23,1.9777566173588599
2020-11-24,1.9713266310656312
2020-11-25,1.9457852966230849
2020-11-26,1.9382836459476516
2020-11-27,1.9506077863430062
2020-11-30,1.9311392167329533
2020-12-01,1.9554302760629276
2020-12-02,1.9584666584791743
2020-12-03,1.9452494644319824
2020-12-04,1.9436419678586754
2020-12-07,1.9248878411700923
2020-12-08,1.918993687067966
2020-12-09,1.8970245672327688
2020-12-10,1.8932456338319068
2020-12-11,1.8720836067870792
2020-12-14,1.8887109137508724
2020-12-15,1.9073048114250573
2020-12-16,1.9073048114250573
2020-12-17,1.926613859009788
2020-12-18,1.9223229595465148
2020-12-21,1.9866864514956166
2020-12-22,1.9437774568628818
2020-12-23,1.9630865044476122
2020-12-24,1.9494986561472463
2020-12-25,1.9659471040897945
2020-12-28,1.963086504447612
2020-12-29,1.9430623069523358
2020-12-30,1.9413233691862353
2020-12-31,1.9877930604100575
2021-01-04,2.0640865833148396
2021-01-05,2.0724095130862707
2021-01-06,2.082813175300559
2021-01-07,2.119572781791045
2021-01-08,2.105701232171994
2021-01-11,2.073103090567223
2021-01-12,2.1334443314100966
2021-01-13,2.0980718798815157
2021-01-14,2.0717159356053183
2021-01-15,2.073796668048176
2021-01-18,2.1126370069815197
2021-01-19,2.06408658331484
2021-01-20,2.147315881029148
2021-01-21,2.202802079505354
2021-01-22,2.247884615767271
2021-01-25,2.2485781932482234
2021-01-26,2.186156219962492
2021-01-27,2.1958663046958278
2021-01-28,2.120266359271998
2021-01-29,2.100846189805326
2021-02-01,2.119572781791045
2021-02-02,2.1625745856101037
2021-02-03,2.154251655838673
2021-02-04,2.1487030359910526
2021-02-05,2.1389929512577166
2021-02-08,2.1389929512577166
2021-02-09,2.192140417457494
2021-02-10,2.240446429139518
2021-02-18,2.178533090223121
2021-02-19,2.1567613666481242
2021-02-22,2.0628708087309504
2021-02-23,2.0468366505063367
2021-02-24,2.0241215930214675
2021-02-25,2.0496998930464465
2021-02-26,2.0099962631569266
2021-03-01,2.049509010210439
2021-03-02,2.0317569064617595
2021-03-03,2.075850841579447
2021-03-04,2.059625800518826
2021-03-05,2.0481728303583875
2021-03-08,2.0294663124296717
2021-03-09,2.0124777400250218
2021-03-10,2.002933598224656
2021-03-11,2.0472184161783513
2021-03-12,2.063443457238972
2021-03-15,2.0664975826150886
2021-03-16,2.0789049669555637
2021-03-17,2.0701243564992278
2021-03-18,2.0773779042675056
2021-03-19,2.057526089322746
2021-03-22,2.0850132177077976
2021-03-23,2.05790785499476
2021-03-24,2.027748366905606
2021-03-25,2.0218309989893792
2021-03-26,2.0190939754439614
2021-03-29,2.040563680993874
2021-03-30,2.0386803734894956
2021-03-31,2.03397210472855
2021-04-01,2.0334049532239598
2021-04-02,2.0543151617390243
2021-04-06,2.045590038761515
2021-04-07,2.028356130010044
2021-04-08,2.0440914380005175
2021-04-09,2.015618023541566
2021-04-12,2.005308898569575
2021-04-13,2.005308898569575
2021-04-14,2.005308898569575
2021-04-15,2.005308898569575
2021-04-16,2.005308898569575
2021-04-19,2.005308898569575
2021-04-20,2.0002920428547832
2021-04-21,2.0167759973462416
2021-04-22,2.0332599518377
2021-04-23,2.07196141020895
2021-04-26,2.0518939873497835
2021-04-27,2.0669445544941585
2021-04-28,2.1135296432743664
2021-04-29,2.115679724294991
2021-04-30,2.1421973902160327
2021-05-06,2.081278427964991
2021-05-07,2.0203594657139496
2021-05-10,2.0203594657139496
2021-05-11,2.0203594657139496
2021-05-12,2.0203594657139496
2021-05-13,2.0062557347142014
2021-05-14,2.0062557347142014
2021-05-17,2.054072521036978
2021-05-18,2.0410936790350815
2021-05-19,2.0574880057743195
2021-05-20,2.0786640111458348
2021-05-21,2.0574880057743195
2021-05-24,2.073882332513557
2021-05-25,2.1305793791534207
2021-05-26,2.114185052414183
2021-05-27,2.1298962822059524
2021-05-28,2.131945573048357
2021-05-31,2.182494747161006
2021-06-01,2.1777130685287287
2021-06-02,2.1401427364179755
2021-06-03,2.1383194762915334
2021-06-04,2.1672996047214284
2021-06-07,2.15418954662219
2021-06-08,2.1424594946386613
2021-06-09,2.139009479349388
2021-06-10,2.1935197209199044
2021-06-11,2.2045597698455786
2021-06-15,2.176959647531393
2021-06-16,2.0865692469524353
2021-06-17,2.130729442655132
2021-06-18,2.16453959249001
2021-06-21,2.1845496811677942
2021-06-22,2.190069705630631
2021-06-23,2.2197398371183805
2021-06-24,2.190069705630631
2021-06-25,2.237679916622601
2021-06-28,2.280460106209589
2021-06-29,2.2749400817467516
2021-06-30,2.3273803141437046
2021-07-01,2.3046102132345014
2021-07-02,2.2266398676969272
2021-07-05,2.2266398676969272
2021-07-06,2.1896433898951937
2021-07-07,2.264321465457952
2021-07-08,2.2759685047659053
2021-07-09,2.262951225539369
2021-07-12,2.262951225539369
2021-07-13,2.2523859440661766
2021-07-14,2.233236371396016
2021-07-15,2.264271885723518
2021-07-16,2.197578546423992
2021-07-19,2.2121058084496314
2021-07-20,2.2160677890020786
2021-07-21,2.281440468117456
2021-07-22,2.270214856552189
2021-07-23,2.2233314200148984
2021-07-26,2.1592794010836704
2021-07-27,2.1592794010836704
2021-07-28,2.1592794010836704
2021-07-29,2.1592794010836704
2021-07-30,2.1592794010836704
2021-08-02,2.1592794010836704
2021-08-03,2.1592794010836704
2021-08-04,2.1592794010836704
2021-08-05,2.1592794010836704
2021-08-06,2.1592794010836704
2021-08-09,2.1592794010836704
2021-08-10,2.1592794010836704
2021-08-11,2.1592794010836704
2021-08-12,2.1592794010836704
2021-08-13,2.1592794010836704
2021-08-16,2.1592794010836704
2021-08-17,2.1592794010836704
2021-08-18,2.1592794010836704
2021-08-19,2.1592794010836704
2021-08-20,2.1592794010836704
2021-08-23,2.1592794010836704
2021-08-24,2.1592794010836704
2021-08-25,2.1592794010836704
2021-08-26,2.1592794010836704
2021-08-27,2.1592794010836704
2021-08-30,2.1592794010836704
2021-08-31,2.1592794010836704
2021-09-01,2.1592794010836704
2021-09-02,2.1592794010836704
2021-09-03,2.1592794010836704
2021-09-06,2.1592794010836704
2021-09-07,2.1592794010836704
2021-09-08,2.1592794010836704
2021-09-09,2.1592794010836704
2021-09-10,2.1592794010836704
2021-09-13,2.1592794010836704
2021-09-14,2.1592794010836704
2021-09-15,2.1592794010836704
2021-09-16,2.1592794010836704
2021-09-17,2.1592794010836704
2021-09-22,2.1592794010836704
2021-09-23,2.1592794010836704
2021-09-24,2.1592794010836704
2021-09-27,2.1592794010836704
2021-09-28,2.1592794010836704
2021-09-29,2.1592794010836704
2021-09-30,2.1592794010836704
2021-10-08,2.1592794010836704
2021-10-11,2.1592794010836704
2021-10-12,2.1592794010836704
2021-10-13,2.1592794010836704
2021-10-14,2.1592794010836704
2021-10-15,2.1592794010836704
2021-10-18,2.1592794010836704
2021-10-19,2.1592794010836704
2021-10-20,2.1592794010836704
2021-10-21,2.1592794010836704
2021-10-22,2.1592794010836704
2021-10-25,2.1592794010836704
2021-10-26,2.1592794010836704
2021-10-27,2.1592794010836704
2021-10-28,2.1592794010836704
2021-10-29,2.1592794010836704
2021-11-01,2.1592794010836704
2021-11-02,2.1592794010836704
2021-11-03,2.1592794010836704
2021-11-04,2.1592794010836704
2021-11-05,2.1592794010836704
2021-11-08,2.1592794010836704
2021-11-09,2.1592794010836704
2021-11-10,2.1592794010836704
2021-11-11,2.1592794010836704
2021-11-12,2.1592794010836704
2021-11-15,2.1592794010836704
2021-11-16,2.1592794010836704
2021-11-17,2.1592794010836704
2021-11-18,2.1592794010836704
2021-11-19,2.1592794010836704
2021-11-22,2.1592794010836704
2021-11-23,2.1592794010836704
2021-11-24,2.1592794010836704
2021-11-25,2.1592794010836704
2021-11-26,2.1592794010836704
2021-11-29,2.1592794010836704
2021-11-30,2.1592794010836704
2021-12-01,2.1592794010836704
2021-12-02,2.1592794010836704
2021-12-03,2.1592794010836704
2021-12-06,2.1592794010836704
2021-12-07,2.1592794010836704
2021-12-08,2.1592794010836704
2021-12-09,2.1592794010836704
2021-12-10,2.1529999922011083
2021-12-13,2.1584421465659953
2021-12-14,2.145464701542034
2021-12-15,2.1428543295970988
2021-12-16,2.1624321191841114
2021-12-17,2.1472919619034885
2021-12-20,2.1472919619034885
2021-12-21,2.1472919619034885
2021-12-22,2.1472919619034885
2021-12-23,2.1472919619034885
2021-12-24,2.1472919619034885
2021-12-27,2.1472919619034885
2021-12-28,2.1472919619034885
2021-12-29,2.1472919619034885
2021-12-30,2.1472919619034885
2021-12-31,2.1472919619034885
2022-01-04,2.1472919619034885
2022-01-05,2.1472919619034885
2022-01-06,2.1472919619034885
2022-01-07,2.1472919619034885
2022-01-10,2.1472919619034885
2022-01-11,2.1472919619034885
2022-01-12,2.1472919619034885
2022-01-13,2.1472919619034885
2022-01-14,2.1472919619034885
2022-01-17,2.1472919619034885
2022-01-18,2.1472919619034885
2022-01-19,2.1472919619034885
2022-01-20,2.1472919619034885
2022-01-21,2.1472919619034885
2022-01-24,2.1472919619034885
2022-01-25,2.1472919619034885
2022-01-26,2.1472919619034885
2022-01-27,2.1472919619034885
2022-01-28,2.1472919619034885
2022-02-07,2.1472919619034885
2022-02-08,2.1472919619034885
2022-02-09,2.1472919619034885
2022-02-10,2.1472919619034885
2022-02-11,2.1472919619034885
2022-02-14,2.1472919619034885
2022-02-15,2.1472919619034885
2022-02-16,2.1472919619034885
2022-02-17,2.1472919619034885
2022-02-18,2.1472919619034885
2022-02-21,2.1472919619034885
2022-02-22,2.1472919619034885
2022-02-23,2.1472919619034885
2022-02-24,2.1472919619034885
2022-02-25,2.1472919619034885
2022-02-28,2.1472919619034885
2022-03-01,2.1472919619034885
2022-03-02,2.1472919619034885
2022-03-03,2.1472919619034885
2022-03-04,2.1472919619034885
2022-03-07,2.1472919619034885
2022-03-08,2.1472919619034885
2022-03-09,2.1472919619034885
2022-03-10,2.1472919619034885
2022-03-11,2.1472919619034885
2022-03-14,2.1472919619034885
2022-03-15,2.1472919619034885
2022-03-16,2.1472919619034885
2022-03-17,2.1472919619034885
2022-03-18,2.1472919619034885
2022-03-21,2.1472919619034885
2022-03-22,2.1472919619034885
2022-03-23,2.1472919619034885
2022-03-24,2.1472919619034885
2022-03-25,2.1472919619034885
2022-03-28,2.1472919619034885
2022-03-29,2.1472919619034885
2022-03-30,2.1472919619034885
2022-03-31,2.1472919619034885
2022-04-01,2.1472919619034885
2022-04-06,2.1472919619034885
2022-04-07,2.1472919619034885
2022-04-08,2.1472919619034885
2022-04-11,2.1472919619034885
2022-04-12,2.1472919619034885
2022-04-13,2.1472919619034885
2022-04-14,2.1472919619034885
2022-04-15,2.1472919619034885
2022-04-18,2.1472919619034885
2022-04-19,2.1472919619034885
2022-04-20,2.1472919619034885
2022-04-21,2.1472919619034885
2022-04-22,2.1472919619034885
2022-04-25,2.1472919619034885
2022-04-26,2.1472919619034885
2022-04-27,2.1472919619034885
2022-04-28,2.1472919619034885
2022-04-29,2.1472919619034885
2022-05-05,2.1472919619034885
2022-05-06,2.1472919619034885
2022-05-09,2.1472919619034885
2022-05-10,2.1472919619034885
2022-05-11,2.1472919619034885
2022-05-12,2.1472919619034885
2022-05-13,2.1472919619034885
2022-05-16,2.1472919619034885
2022-05-17,2.1472919619034885
2022-05-18,2.1472919619034885
2022-05-19,2.1472919619034885
2022-05-20,2.1472919619034885
2022-05-23,2.1472919619034885
2022-05-24,2.1472919619034885
2022-05-25,2.1472919619034885
2022-05-26,2.1472919619034885
2022-05-27,2.1472919619034885
2022-05-30,2.1472919619034885
2022-05-31,2.1472919619034885
2022-06-01,2.1472919619034885
2022-06-02,2.1472919619034885
2022-06-06,2.1472919619034885
2022-06-07,2.1472919619034885
2022-06-08,2.1472919619034885
2022-06-09,2.1472919619034885
2022-06-10,2.1472919619034885
2022-06-13,2.1472919619034885
2022-06-14,2.1472919619034885
2022-06-15,2.1472919619034885
2022-06-16,2.1472919619034885
2022-06-17,2.1472919619034885
2022-06-20,2.1472919619034885
2022-06-21,2.1472919619034885
2022-06-22,2.1472919619034885
2022-06-23,2.1472919619034885
2022-06-24,2.1472919619034885
2022-06-27,2.1472919619034885
2022-06-28,2.1472919619034885
2022-06-29,2.1472919619034885
2022-06-30,2.1472919619034885
2022-07-01,2.1472919619034885
2022-07-04,2.1472919619034885
2022-07-05,2.1472919619034885
2022-07-06,2.1472919619034885
2022-07-07,2.1472919619034885
2022-07-08,2.1472919619034885
2022-07-11,2.1472919619034885
2022-07-12,2.1472919619034885
2022-07-13,2.1472919619034885
2022-07-14,2.1472919619034885
2022-07-15,2.1472919619034885
2022-07-18,2.1472919619034885
2022-07-19,2.1472919619034885
2022-07-20,2.1472919619034885
2022-07-21,2.1472919619034885
2022-07-22,2.1472919619034885
2022-07-25,2.1472919619034885
2022-07-26,2.1472919619034885
2022-07-27,2.1472919619034885
2022-07-28,2.1472919619034885
2022-07-29,2.1472919619034885
2022-08-01,2.1472919619034885
2022-08-02,2.1472919619034885
2022-08-03,2.1472919619034885
2022-08-04,2.1472919619034885
2022-08-05,2.1472919619034885
2022-08-08,2.1472919619034885
2022-08-09,2.1472919619034885
2022-08-10,2.1472919619034885
2022-08-11,2.1472919619034885
2022-08-12,2.1472919619034885
2022-08-15,2.1472919619034885
2022-08-16,2.1472919619034885
2022-08-17,2.1472919619034885
2022-08-18,2.1472919619034885
2022-08-19,2.1472919619034885
2022-08-22,2.1472919619034885
2022-08-23,2.1472919619034885
2022-08-24,2.1472919619034885
2022-08-25,2.1472919619034885
2022-08-26,2.1472919619034885
2022-08-29,2.1472919619034885
2022-08-30,2.1472919619034885
2022-08-31,2.1472919619034885
2022-09-01,2.1472919619034885
2022-09-02,2.1472919619034885
2022-09-05,2.1472919619034885
2022-09-06,2.1472919619034885
2022-09-07,2.1472919619034885
2022-09-08,2.1472919619034885
2022-09-09,2.1472919619034885
2022-09-13,2.1472919619034885
2022-09-14,2.1472919619034885
2022-09-15,2.1472919619034885
2022-09-16,2.1472919619034885
2022-09-19,2.1472919619034885
2022-09-20,2.1472919619034885
2022-09-21,2.1472919619034885
2022-09-22,2.1472919619034885
2022-09-23,2.1472919619034885
2022-09-26,2.1472919619034885
2022-09-27,2.1472919619034885
2022-09-28,2.1472919619034885
2022-09-29,2.1472919619034885
2022-09-30,2.1472919619034885
2022-10-10,2.1472919619034885
2022-10-11,2.1472919619034885
2022-10-12,2.1472919619034885
2022-10-13,2.1472919619034885
2022-10-14,2.1472919619034885
2022-10-17,2.1472919619034885
2022-10-18,2.1472919619034885
2022-10-19,2.1472919619034885
2022-10-20,2.1472919619034885
2022-10-21,2.1472919619034885
2022-10-24,2.1472919619034885
2022-10-25,2.1472919619034885
2022-10-26,2.1472919619034885
2022-10-27,2.1472919619034885
2022-10-28,2.1472919619034885
2022-10-31,2.1472919619034885
2022-11-01,2.1472919619034885
2022-11-02,2.1472919619034885
2022-11-03,2.1472919619034885
2022-11-04,2.1472919619034885
2022-11-07,2.1472919619034885
2022-11-08,2.1472919619034885
2022-11-09,2.1472919619034885
2022-11-10,2.1472919619034885
2022-11-11,2.1472919619034885
2022-11-14,2.1472919619034885
2022-11-15,2.1472919619034885
2022-11-16,2.1472919619034885
2022-11-17,2.1472919619034885
2022-11-18,2.1472919619034885
2022-11-21,2.1472919619034885
2022-11-22,2.1472919619034885
2022-11-23,2.1472919619034885
2022-11-24,2.1472919619034885
2022-11-25,2.1472919619034885
2022-11-28,2.1472919619034885
2022-11-29,2.1472919619034885
2022-11-30,2.1472919619034885
2022-12-01,2.1472919619034885
2022-12-02,2.1472919619034885
2022-12-05,2.1472919619034885
2022-12-06,2.1472919619034885
2022-12-07,2.1472919619034885
2022-12-08,2.1472919619034885
2022-12-09,2.1472919619034885
2022-12-12,2.1472919619034885
2022-12-13,2.1472919619034885
2022-12-14,2.1472919619034885
2022-12-15,2.1472919619034885
2022-12-16,2.1472919619034885
2022-12-19,2.1472919619034885
2022-12-20,2.1472919619034885
2022-12-21,2.1472919619034885
2022-12-22,2.1472919619034885
2022-12-23,2.1472919619034885
2022-12-26,2.1472919619034885
2022-12-27,2.1472919619034885
2022-12-28,2.1472919619034885
2022-12-29,2.1472919619034885
2022-12-30,2.1472919619034885
2022-12-31,2.1472919619034885
2023-01-03,2.1472919619034885
2023-01-04,2.1472919619034885
2023-01-05,2.1472919619034885
2023-01-06,2.1472919619034885
2023-01-09,2.1472919619034885
2023-01-10,2.1472919619034885
2023-01-11,2.1472919619034885
2023-01-12,2.1472919619034885
2023-01-13,2.1472919619034885
2023-01-16,2.1472919619034885
2023-01-17,2.1472919619034885
2023-01-18,2.1472919619034885
2023-01-19,2.1472919619034885
2023-01-20,2.1472919619034885
2023-01-30,2.1472919619034885
2023-01-31,2.1472919619034885
2023-02-01,2.1472919619034885
2023-02-02,2.1472919619034885
2023-02-03,2.1472919619034885
2023-02-06,2.1472919619034885
2023-02-07,2.1472919619034885
2023-02-08,2.1472919619034885
2023-02-09,2.1472919619034885
2023-02-10,2.1472919619034885
2023-02-13,2.1472919619034885
2023-02-14,2.1472919619034885
2023-02-15,2.1472919619034885
2023-02-16,2.1472919619034885
2023-02-17,2.1472919619034885
2023-02-20,2.1472919619034885
2023-02-21,2.1472919619034885
2023-02-22,2.1472919619034885
2023-02-23,2.1472919619034885
2023-02-24,2.1472919619034885
2023-02-27,2.1472919619034885
2023-02-28,2.1472919619034885
2023-03-01,2.1472919619034885
2023-03-02,2.1472919619034885
2023-03-03,2.1472919619034885
2023-03-06,2.1472919619034885
2023-03-07,2.1472919619034885
2023-03-08,2.1472919619034885
2023-03-09,2.1472919619034885
2023-03-10,2.1472919619034885
2023-03-13,2.1472919619034885
2023-03-14,2.1472919619034885
2023-03-15,2.1472919619034885
2023-03-16,2.1472919619034885
2023-03-17,2.1472919619034885
2023-03-20,2.1472919619034885
2023-03-21,2.1472919619034885
2023-03-22,2.1472919619034885
2023-03-23,2.1472919619034885
2023-03-24,2.1472919619034885
2023-03-27,2.1472919619034885
2023-03-28,2.1472919619034885
2023-03-29,2.1472919619034885
2023-03-30,2.1472919619034885
2023-03-31,2.1472919619034885
2023-04-03,2.1472919619034885
2023-04-04,2.1472919619034885
2023-04-06,2.1472919619034885
2023-04-07,2.1472919619034885
2023-04-10,2.1472919619034885
2023-04-11,2.1472919619034885
2023-04-12,2.1472919619034885
2023-04-13,2.1472919619034885
2023-04-14,2.1472919619034885
2023-04-17,2.1472919619034885
2023-04-18,2.1472919619034885
2023-04-19,2.1472919619034885
2023-04-20,2.1472919619034885
2023-04-21,2.1472919619034885
2023-04-24,2.1472919619034885
2023-04-25,2.1472919619034885
2023-04-26,2.1472919619034885
2023-04-27,2.1472919619034885
2023-04-28,2.1472919619034885
2023-05-04,2.1472919619034885
2023-05-05,2.1472919619034885
2023-05-08,2.1472919619034885
2023-05-09,2.1472919619034885
2023-05-10,2.1472919619034885
2023-05-11,2.1472919619034885
2023-05-12,2.1472919619034885
2023-05-15,2.1472919619034885
2023-05-16,2.1472919619034885
2023-05-17,2.1472919619034885
2023-05-18,2.1472919619034885
2023-05-19,2.1472919619034885
2023-05-22,2.1472919619034885
2023-05-23,2.1472919619034885
2023-05-24,2.1472919619034885
2023-05-25,2.1472919619034885
2023-05-26,2.1472919619034885
2023-05-29,2.1472919619034885
2023-05-30,2.1472919619034885
2023-05-31,2.1472919619034885
2023-06-01,2.1472919619034885
2023-06-02,2.1472919619034885
2023-06-05,2.1472919619034885
2023-06-06,2.1472919619034885
2023-06-07,2.1472919619034885
2023-06-08,2.1472919619034885
2023-06-09,2.1472919619034885
2023-06-12,2.1472919619034885
2023-06-13,2.1472919619034885
2023-06-14,2.1472919619034885
2023-06-15,2.1472919619034885
2023-06-16,2.1472919619034885
2023-06-19,2.1472919619034885
2023-06-20,2.1472919619034885
2023-06-21,2.1472919619034885
2023-06-26,2.1472919619034885
2023-06-27,2.1472919619034885
2023-06-28,2.1472919619034885
2023-06-29,2.1472919619034885
2023-06-30,2.1472919619034885
2023-07-03,2.1472919619034885
2023-07-04,2.1472919619034885
2023-07-05,2.1472919619034885
2023-07-06,2.1472919619034885
2023-07-07,2.1472919619034885
2023-07-10,2.1472919619034885
2023-07-11,2.1472919619034885
2023-07-12,2.1472919619034885
2023-07-13,2.1472919619034885
2023-07-14,2.1472919619034885
2023-07-17,2.1472919619034885
2023-07-18,2.1472919619034885
2023-07-19,2.1472919619034885
2023-07-20,2.1472919619034885
2023-07-21,2.1472919619034885
2023-07-24,2.1472919619034885
2023-07-25,2.1472919619034885
2023-07-26,2.1472919619034885
2023-07-27,2.1472919619034885
2023-07-28,2.1472919619034885
2023-07-31,2.1472919619034885
2023-08-01,2.1472919619034885
2023-08-02,2.1472919619034885
2023-08-03,2.1472919619034885
2023-08-04,2.1472919619034885
2023-08-07,2.1472919619034885
2023-08-08,2.1472919619034885
2023-08-09,2.1472919619034885
2023-08-10,2.1472919619034885
2023-08-11,2.1472919619034885
2023-08-14,2.1472919619034885
2023-08-15,2.1472919619034885
2023-08-16,2.1472919619034885
2023-08-17,2.1472919619034885
2023-08-18,2.1472919619034885
2023-08-21,2.1472919619034885
2023-08-22,2.1472919619034885
2023-08-23,2.1472919619034885
2023-08-24,2.1472919619034885
2023-08-25,2.1472919619034885
2023-08-28,2.1472919619034885
2023-08-29,2.1472919619034885
2023-08-30,2.1472919619034885
2023-08-31,2.1472919619034885
2023-09-01,2.1472919619034885
2023-09-04,2.1472919619034885
2023-09-05,2.1472919619034885
2023-09-06,2.1472919619034885
2023-09-07,2.1472919619034885
2023-09-08,2.1472919619034885
2023-09-11,2.1472919619034885
2023-09-12,2.1472919619034885
2023-09-13,2.1472919619034885
2023-09-14,2.1472919619034885
2023-09-15,2.1472919619034885
2023-09-18,2.1472919619034885
2023-09-19,2.1472919619034885
2023-09-20,2.1472919619034885
2023-09-21,2.1472919619034885
2023-09-22,2.1472919619034885
2023-09-25,2.1472919619034885
2023-09-26,2.1472919619034885
2023-09-27,2.1472919619034885
2023-09-28,2.1472919619034885
2023-10-09,2.1472919619034885
2023-10-10,2.1472919619034885
2023-10-11,2.1472919619034885
2023-10-12,2.1472919619034885
2023-10-13,2.1472919619034885
2023-10-16,2.1472919619034885
2023-10-17,2.1472919619034885
2023-10-18,2.1472919619034885
2023-10-19,2.1472919619034885
2023-10-20,2.1472919619034885
2023-10-23,2.1472919619034885
2023-10-24,2.1472919619034885
2023-10-25,2.1472919619034885
2023-10-26,2.1472919619034885
2023-10-27,2.1472919619034885
2023-10-30,2.1472919619034885
2023-10-31,2.1472919619034885
2023-11-01,2.1472919619034885
2023-11-02,2.1472919619034885
2023-11-03,2.1472919619034885
2023-11-06,2.1472919619034885
2023-11-07,2.1472919619034885
2023-11-08,2.1472919619034885
2023-11-09,2.1472919619034885
2023-11-10,2.1472919619034885
2023-11-13,2.1472919619034885
2023-11-14,2.1472919619034885
2023-11-15,2.1472919619034885
2023-11-16,2.1472919619034885
2023-11-17,2.1472919619034885
2023-11-20,2.1472919619034885
2023-11-21,2.1472919619034885
2023-11-22,2.1472919619034885
2023-11-23,2.1472919619034885
2023-11-24,2.1472919619034885
2023-11-27,2.1472919619034885
2023-11-28,2.1472919619034885
2023-11-29,2.1472919619034885
2023-11-30,2.1472919619034885
2023-12-01,2.1472919619034885
2023-12-04,2.1472919619034885
2023-12-05,2.1472919619034885
2023-12-06,2.1472919619034885
2023-12-07,2.1472919619034885
2023-12-08,2.1472919619034885
2023-12-11,2.1472919619034885
2023-12-12,2.1472919619034885
2023-12-13,2.1472919619034885
2023-12-14,2.1472919619034885
2023-12-15,2.1472919619034885
2023-12-18,2.1472919619034885
2023-12-19,2.1472919619034885
2023-12-20,2.1472919619034885
2023-12-21,2.1472919619034885
2023-12-22,2.1472919619034885
2023-12-25,2.1472919619034885
2023-12-26,2.1472919619034885
2023-12-27,2.1472919619034885
2023-12-28,2.1472919619034885
2023-12-29,2.1472919619034885
2023-12-31,2.1472919619034885
2024-01-02,2.1472919619034885
2024-01-03,2.1472919619034885
2024-01-04,2.1472919619034885
2024-01-05,2.1472919619034885
2024-01-08,2.1472919619034885
2024-01-09,2.1472919619034885
2024-01-10,2.1472919619034885
2024-01-11,2.1472919619034885
2024-01-12,2.1472919619034885
2024-01-15,2.1472919619034885
2024-01-16,2.1472919619034885
2024-01-17,2.1472919619034885
2024-01-18,2.1472919619034885
2024-01-19,2.1472919619034885
2024-01-22,2.1472919619034885
2024-01-23,2.1472919619034885
2024-01-24,2.1472919619034885
2024-01-25,2.1472919619034885
2024-01-26,2.1472919619034885
2024-01-29,2.1472919619034885
2024-01-30,2.1472919619034885
2024-01-31,2.1472919619034885
2024-02-01,2.1472919619034885
2024-02-02,2.1472919619034885
2024-02-05,2.1472919619034885
2024-02-06,2.1472919619034885
2024-02-07,2.1472919619034885
2024-02-08,2.1472919619034885
2024-02-19,2.1472919619034885
2024-02-20,2.1472919619034885
2024-02-21,2.1472919619034885
2024-02-22,2.1472919619034885
2024-02-23,2.1472919619034885
2024-02-26,2.1472919619034885
2024-02-27,2.1472919619034885
2024-02-28,2.1472919619034885
2024-02-29,2.1472919619034885
2024-03-01,2.1472919619034885
2024-03-04,2.1472919619034885
2024-03-05,2.1472919619034885
2024-03-06,2.1472919619034885
2024-03-07,2.1472919619034885
2024-03-08,2.1472919619034885
2024-03-11,2.1472919619034885
2024-03-12,2.1472919619034885
2024-03-13,2.1472919619034885
2024-03-14,2.1472919619034885
2024-03-15,2.1472919619034885
2024-03-18,2.1472919619034885
2024-03-19,2.1472919619034885
2024-03-20,2.1472919619034885
2024-03-21,2.1472919619034885
2024-03-22,2.1472919619034885
2024-03-25,2.1472919619034885
2024-03-26,2.1472919619034885
2024-03-27,2.1472919619034885
2024-03-28,2.1472919619034885
2024-03-29,2.1472919619034885
2024-04-01,2.1472919619034885
2024-04-02,2.1472919619034885
2024-04-03,2.1472919619034885
2024-04-08,2.1472919619034885
2024-04-09,2.1472919619034885
2024-04-10,2.1472919619034885
2024-04-11,2.1472919619034885
2024-04-12,2.1472919619034885
2024-04-15,2.1472919619034885
2024-04-16,2.1472919619034885
2024-04-17,2.1472919619034885
2024-04-18,2.1472919619034885
2024-04-19,2.1472919619034885
2024-04-22,2.1472919619034885
2024-04-23,2.1472919619034885
2024-04-24,2.1472919619034885
2024-04-25,2.1472919619034885
2024-04-26,2.1472919619034885
2024-04-29,2.1472919619034885
2024-04-30,2.1472919619034885
2024-05-06,2.1472919619034885
2024-05-07,2.1472919619034885
2024-05-08,2.1472919619034885
2024-05-09,2.1472919619034885
2024-05-10,2.1472919619034885
2024-05-13,2.1472919619034885
2024-05-14,2.1472919619034885
2024-05-15,2.1472919619034885
2024-05-16,2.1472919619034885
2024-05-17,2.1472919619034885
2024-05-20,2.1472919619034885
2024-05-21,2.1472919619034885
2024-05-22,2.1472919619034885
2024-05-23,2.1472919619034885
2024-05-24,2.1472919619034885
2024-05-27,2.1472919619034885
2024-05-28,2.1472919619034885
2024-05-29,2.1472919619034885
2024-05-30,2.1472919619034885
2024-05-31,2.1472919619034885
2024-06-03,2.1472919619034885
2024-06-04,2.1472919619034885
2024-06-05,2.1472919619034885
2024-06-06,2.1472919619034885
2024-06-07,2.1472919619034885
2024-06-11,2.1472919619034885
2024-06-12,2.1472919619034885
2024-06-13,2.1472919619034885
2024-06-14,2.1472919619034885
2024-06-17,2.1472919619034885
2024-06-18,2.1472919619034885
2024-06-19,2.1472919619034885
2024-06-20,2.1472919619034885
2024-06-21,2.1472919619034885
2024-06-24,2.1472919619034885
2024-06-25,2.1472919619034885
2024-06-26,2.1472919619034885
2024-06-27,2.1472919619034885
2024-06-28,2.1472919619034885
2024-06-30,2.1472919619034885
2024-07-01,2.1472919619034885
2024-07-02,2.1472919619034885
2024-07-03,2.1472919619034885
2024-07-04,2.1472919619034885
2024-07-05,2.1472919619034885
2024-07-08,2.1472919619034885
2024-07-09,2.1472919619034885
2024-07-10,2.1472919619034885
2024-07-11,2.1472919619034885
2024-07-12,2.1472919619034885
2024-07-15,2.1472919619034885
2024-07-16,2.1472919619034885
2024-07-17,2.1472919619034885
2024-07-18,2.1472919619034885
2024-07-19,2.1472919619034885
2024-07-22,2.1472919619034885
2024-07-23,2.1472919619034885
2024-07-24,2.1472919619034885
2024-07-25,2.1472919619034885
2024-07-26,2.1472919619034885
2024-07-29,2.1472919619034885
2024-07-30,2.1472919619034885
2024-07-31,2.1472919619034885
2024-08-01,2.1472919619034885
2024-08-02,2.1472919619034885
2024-08-05,2.1472919619034885
2024-08-06,2.1472919619034885
2024-08-07,2.1472919619034885
2024-08-08,2.1472919619034885
2024-08-09,2.1472919619034885
2024-08-12,2.1472919619034885
2024-08-13,2.1472919619034885
2024-08-14,2.1472919619034885
2024-08-15,2.1472919619034885
2024-08-16,2.1472919619034885
2024-08-19,2.1472919619034885
2024-08-20,2.1472919619034885
2024-08-21,2.1472919619034885
2024-08-22,2.1472919619034885
2024-08-23,2.1472919619034885
2024-08-26,2.1472919619034885
2024-08-27,2.1472919619034885
2024-08-28,2.1472919619034885
2024-08-29,2.1472919619034885
2024-08-30,2.1472919619034885
2024-09-02,2.1472919619034885
2024-09-03,2.1472919619034885
2024-09-04,2.1472919619034885
2024-09-05,2.1472919619034885
2024-09-06,2.1472919619034885
2024-09-09,2.1472919619034885
2024-09-10,2.1472919619034885
2024-09-11,2.1472919619034885
2024-09-12,2.1472919619034885
2024-09-13,2.1472919619034885
2024-09-18,2.1472919619034885
2024-09-19,2.1472919619034885
2024-09-20,2.1472919619034885
2024-09-23,2.1472919619034885
2024-09-24,2.1472919619034885
2024-09-25,2.1472919619034885
2024-09-26,2.1472919619034885
2024-09-27,2.1472919619034885
2024-09-30,2.1472919619034885
2024-10-08,2.1472919619034885
2024-10-09,2.1472919619034885
2024-10-10,2.1472919619034885
2024-10-11,2.1472919619034885
2024-10-14,2.1472919619034885
2024-10-15,2.1472919619034885
2024-10-16,2.1472919619034885
2024-10-17,2.1472919619034885
2024-10-18,2.1472919619034885
2024-10-21,2.1472919619034885
2024-10-22,2.1472919619034885
2024-10-23,2.1472919619034885
2024-10-24,2.1472919619034885
2024-10-25,2.1472919619034885
2024-10-28,2.1472919619034885
2024-10-29,2.1472919619034885
2024-10-30,2.1472919619034885
2024-10-31,2.1472919619034885
2024-11-01,2.1472919619034885
2024-11-04,2.1472919619034885
2024-11-05,2.1472919619034885
2024-11-06,2.1472919619034885
2024-11-07,2.1472919619034885
2024-11-08,2.1472919619034885
2024-11-11,2.1472919619034885
2024-11-12,2.1472919619034885
2024-11-13,2.1472919619034885
2024-11-14,2.1472919619034885
2024-11-15,2.1472919619034885
2024-11-18,2.1472919619034885
2024-11-19,2.1472919619034885
2024-11-20,2.1472919619034885
2024-11-21,2.1472919619034885
2024-11-22,2.1472919619034885
2024-11-25,2.1472919619034885
2024-11-26,2.1472919619034885
2024-11-27,2.1472919619034885
2024-11-28,2.1472919619034885
2024-11-29,2.1472919619034885
2024-12-02,2.1472919619034885
2024-12-03,2.1472919619034885
2024-12-04,2.1472919619034885
2024-12-05,2.1472919619034885
2024-12-06,2.1472919619034885
2024-12-09,2.1472919619034885
2024-12-10,2.1472919619034885
2024-12-11,2.1472919619034885
2024-12-12,2.1472919619034885
2024-12-13,2.1472919619034885
2024-12-16,2.1472919619034885
2024-12-17,2.1472919619034885
2024-12-18,2.1472919619034885
2024-12-19,2.1472919619034885
2024-12-20,2.1472919619034885
2024-12-23,2.1472919619034885
2024-12-24,2.1472919619034885
2024-12-25,2.1472919619034885
2024-12-26,2.1472919619034885
2024-12-27,2.1472919619034885
2024-12-30,2.1472919619034885
2024-12-31,2.1472919619034885
2025-01-02,2.1472919619034885
2025-01-03,2.1472919619034885
2025-01-06,2.1472919619034885
2025-01-07,2.1472919619034885
2025-01-08,2.1472919619034885
2025-01-09,2.1472919619034885
2025-01-10,2.1472919619034885
2025-01-13,2.1472919619034885
2025-01-14,2.1472919619034885
2025-01-15,2.1472919619034885
2025-01-16,2.1472919619034885
2025-01-17,2.1472919619034885
2025-01-20,2.1472919619034885
2025-01-21,2.1472919619034885
2025-01-22,2.1472919619034885
2025-01-23,2.1472919619034885
2025-01-24,2.1472919619034885
2025-01-27,2.1472919619034885
2025-02-05,2.1472919619034885
2025-02-06,2.1472919619034885
2025-02-07,2.1472919619034885
2025-02-10,2.1472919619034885
2025-02-11,2.1472919619034885
2025-02-12,2.1472919619034885
2025-02-13,2.1472919619034885
2025-02-14,2.1472919619034885
2025-02-17,2.1472919619034885
2025-02-18,2.1472919619034885
2025-02-19,2.1472919619034885
2025-02-20,2.1472919619034885
2025-02-21,2.1472919619034885
2025-02-24,2.1472919619034885
2025-02-25,2.1472919619034885
2025-02-26,2.1472919619034885
2025-02-27,2.1472919619034885
2025-02-28,2.1472919619034885
2025-03-03,2.1472919619034885
2025-03-04,2.1472919619034885
2025-03-05,2.1472919619034885
2025-03-06,2.1472919619034885
2025-03-07,2.1472919619034885
2025-03-10,2.1472919619034885
2025-03-11,2.1472919619034885
2025-03-12,2.1472919619034885
2025-03-13,2.1472919619034885
2025-03-14,2.1472919619034885
2025-03-17,2.1472919619034885
2025-03-18,2.1472919619034885
2025-03-19,2.1472919619034885
2025-03-20,2.1472919619034885
2025-03-21,2.1472919619034885
2025-03-24,2.1472919619034885
2025-03-25,2.1472919619034885
2025-03-26,2.1472919619034885
2025-03-27,2.1472919619034885
2025-03-28,2.1472919619034885
2025-03-31,2.1472919619034885
2025-04-01,2.1472919619034885
2025-04-02,2.1472919619034885
2025-04-03,2.1472919619034885
2025-04-07,2.1472919619034885
2025-04-08,2.1472919619034885
2025-04-09,2.1472919619034885
2025-04-10,2.1472919619034885
2025-04-11,2.1472919619034885
2025-04-14,2.1472919619034885
2025-04-15,2.1472919619034885
2025-04-16,2.1472919619034885
2025-04-17,2.1472919619034885
2025-04-18,2.1472919619034885
2025-04-21,2.1472919619034885
2025-04-22,2.1472919619034885
2025-04-23,2.1472919619034885
2025-04-24,2.1472919619034885
2025-04-25,2.1472919619034885
2025-04-28,2.127123236364984
2025-04-29,2.1329932385739516
2025-04-30,2.1329932385739516
2025-05-06,2.166181327986192
2025-05-07,2.1828882573501764
2025-05-08,2.1520331175338083
2025-05-09,2.1337499776047357
2025-05-12,2.1907503550306684
2025-05-13,2.1832220032951675
2025-05-14,2.209033494959741
2025-05-15,2.1638633845467377
2025-05-16,2.159561469269309
2025-05-19,2.153108596353165
2025-05-20,2.1703162574628805
2025-05-21,2.187523918572596
2025-05-22,2.168165299824166
2025-05-23,2.1445047657983074
2025-05-26,2.126221625869235
2025-05-27,2.1154668376756627
2025-05-28,2.106863007120805
2025-05-29,2.139127371701522
2025-05-30,2.1208442317724487
2025-06-03,2.126221625869235
2025-06-04,2.150957638714451
2025-06-05,2.1393054587505227
2025-06-06,2.132960509293032
2025-06-09,2.1381586258875718
2025-06-10,2.1150320330805283
2025-06-11,2.120987109372971
2025-06-12,2.137043201148798
2025-06-13,2.1689292425627644
2025-06-16,2.1591297499296305
2025-06-17,2.144581272405055
2025-06-18,2.1408122367769264
2025-06-19,2.129052845617166
2025-06-20,2.129052845617166
2025-06-23,2.129052845617166
2025-06-24,2.129052845617166
2025-06-25,2.1967575593965765
2025-06-26,2.1800917836970295
2025-06-27,2.1884246715468034
2025-06-30,2.221756222945898
2025-07-01,2.214464946077346
2025-07-02,2.1915495044904687
2025-07-03,2.2300891107956717
2025-07-04,2.2217562229458983
2025-07-07,2.197799170377799
2025-07-08,2.2488381084576625
2025-07-09,2.2530045523825493
2025-07-10,2.2592542182698794
2025-07-11,2.275919993969427
2025-07-14,2.267587106119653
2025-07-15,2.3040434904624125
2025-07-16,2.297793824575082
2025-07-17,2.3404998748051717
2025-07-18,2.34570792971128
2025-07-21,2.3696649822793794
2025-07-22,2.3842475360164834
2025-07-23,2.38216431405404
2025-07-24,2.421745531340465
2025-07-25,2.414454254471913
2025-07-28,2.4394529180212343
2025-07-29,2.482158968251324
2025-07-30,2.4425777509648996
2025-07-31,2.3967468677911445
2025-08-01,2.398830089753588
2025-08-04,2.409246199565805
2025-08-05,2.416537476434357
2025-08-06,2.433203252133904
2025-08-07,2.416537476434357
2025-08-08,2.4082045885845833
2025-08-11,2.4550770827395607
2025-08-12,2.4842421902137684
2025-08-13,2.5759039565612785
2025-08-14,2.5477804600682927
2025-08-15,2.61340195188526
2025-08-18,2.6894395535144446
2025-08-19,2.682148276645893
2025-08-20,2.695689219401775
2025-08-21,2.679023443702228
2025-08-22,2.772768432012181
2025-08-25,2.850889255603809
2025-08-26,2.8290154249981527
2025-08-27,2.8081832053737186
2025-08-28,2.922760413308106
2025-08-29,2.984215461200187
2025-09-01,3.0487953420359326
2025-09-02,2.966508074519418
2025-09-03,2.9894235161062954
2025-09-04,2.8654718093409124
2025-09-05,3.0665027287167015
2025-09-08,3.0290047333927204
2025-09-09,2.963383241575753
2025-09-10,2.994631571012404
2025-09-11,3.1508732181956596
2025-09-12,3.1196248887590086
2025-09-15,3.1633725499703202
2025-09-16,3.1862879915571978
2025-09-17,3.2487846504305002
2025-09-18,3.1946208794069713
2025-09-19,3.189412824500862
2025-09-22,3.2102450441252963
2025-09-23,3.2217027649187355
2025-09-24,3.2914907006605896
2025-09-25,3.344612860702896
2025-09-26,3.259200760242716
2025-09-29,3.346696082665339
2025-09-30,3.350862526590226
2025-10-09,3.369611524252216
2025-10-10,3.223785986881178
2025-10-13,3.181079936651088
2025-10-14,3.229155994953831
2025-10-15,3.2873782825236213
2025-10-16,3.3182910931877125
2025-10-17,3.4116932971881098
2025-10-20,3.341048990609129
2025-10-21,3.3846682940001775
2025-10-22,3.253241436391497
2025-10-23,3.226690556066511
2025-10-24,3.210096255863395
2025-10-27,3.1928381836521544
2025-10-28,3.076014310222216
2025-10-29,3.128641948009242
2025-10-30,3.1091080860558593
2025-10-31,3.1581323900844938
2025-11-03,3.1531066877372647
2025-11-04,3.1413484407361993
2025-11-05,3.119254315322907
2025-11-06,3.145994844793072
2025-11-07,3.1468482659463755
2025-11-10,3.1201716872397656
2025-11-11,3.0757107227287492
2025-11-12,3.0707706155608587
2025-11-13,3.143884201645641
2025-11-14,3.0559502940571868
2025-11-17,3.0470581011549838
2025-11-18,3.0144533938469054
2025-11-19,3.0189763832240746
2025-11-20,3.0135011855569753
2025-11-21,3.0126870268884094
2025-11-24,3.0130298305383323
2025-11-25,3.013094106222693
2025-11-26,3.012562727566608
2025-11-27,3.0206219705172357
2025-11-28,3.0342606893567603
2025-12-01,3.06694047670601
2025-12-02,3.055958651146913
2025-12-03,3.0409029225578275
2025-12-04,3.038068903058705
2025-12-05,3.0600325541769005
2025-12-08,3.0527703792104006
2025-12-09,3.030895291201553
2025-12-10,3.0346981711152314
2025-12-11,2.9909650521079314
2025-12-12,2.990135764200693
2025-12-15,2.9392638891953884
2025-12-16,2.904111009466312
2025-12-17,2.9269353910913525
2025-12-18,2.9352654573778634
2025-12-19,2.934932254726403
2025-12-22,2.9991663690879715
2025-12-23,3.0086125623764377
2025-12-24,3.0341172842552964
2025-12-25,3.0193622561125046
2025-12-26,3.023110688460255
2025-12-29,3.0034314186345683
2025-12-30,3.0165624780960076
2025-12-31,3.0193478543454035
2026-01-05,3.1005216764706622
2026-01-06,3.1677686173489406
2026-01-07,3.1828892312742334
2026-01-08,3.1928370035935054
2026-01-09,3.2692358950055134
2026-01-12,3.348818073559689
2026-01-13,3.305047875354892
2026-01-14,3.328524618028374
2026-01-15,3.3181789348163315
2026-01-16,3.300670855534413
2026-01-19,3.3217601328512694
2026-01-20,3.312210271424768
2026-01-21,3.3551846478440224
2026-01-22,3.3699073508765442
2026-01-23,3.469385074069263
2026-01-26,3.4077088856897775
2026-01-27,3.407874139988099
2026-01-28,3.4363422845616163
2026-01-29,3.6048339062562498
2026-01-30,3.39296980012539
2026-02-02,3.002214350195298
2026-02-03,3.199970306184263
2026-02-04,3.3237189374288865
2026-02-05,3.2272191904583236
2026-02-06,3.1915860340999367
2026-02-09,3.258176502769682
2026-02-10,3.2605950427940074
2026-02-11,3.278492238974011
2026-02-12,3.277363586962659
2026-02-13,3.236732114554001
2026-02-24,3.3479849556729455
2026-02-25,3.3479849556729455
2026-02-26,3.3479849556729455
2026-02-27,3.3479849556729455
2026-03-02,3.3479849556729455
2026-03-03,3.3479849556729455
2026-03-04,3.3479849556729455
