净值日期,单位净值,日增长率
2020-07-08,1.0,0.0
2020-07-10,0.9998,0.0
2020-07-17,0.9983,0.0
2020-07-24,0.9954,0.0
2020-07-31,0.9991,0.0
2020-08-05,1.0017,0.0
2020-08-06,1.0018,0.01
2020-08-07,1.0005,-0.1298
2020-08-10,1.0027,0.2199
2020-08-11,1.001,-0.1695
2020-08-12,1.0002,-0.0799
2020-08-13,1.0011,0.09
2020-08-14,1.0031,0.1998
2020-08-17,1.0081,0.4985
2020-08-18,1.0086,0.0496
2020-08-19,1.0061,-0.2479
2020-08-20,1.0039,-0.2187
2020-08-21,1.0038,-0.01
2020-08-24,1.006,0.22
2020-08-25,1.0059,-0.01
2020-08-26,1.0007,-0.52
2020-08-27,1.0025,0.18
2020-08-28,1.0084,0.59
2020-08-31,1.0068,-0.16
2020-09-01,1.0075,0.07
2020-09-02,1.0074,-0.01
2020-09-03,1.0071,-0.03
2020-09-04,1.0063,-0.08
2020-09-07,1.0024,-0.39
2020-09-08,1.0046,0.22
2020-09-09,0.9995,-0.51
2020-09-10,0.9968,-0.27
2020-09-11,0.9983,0.15
2020-09-14,0.9998,0.15
2020-09-15,1.0015,0.17
2020-09-16,1.002,0.05
2020-09-17,1.0045,0.25
2020-09-18,1.011,0.65
2020-09-21,1.0091,-0.19
2020-09-22,1.0033,-0.57
2020-09-23,1.0039,0.06
2020-09-24,0.9962,-0.77
2020-09-25,0.9936,-0.26
2020-09-28,0.9945,0.09
2020-09-29,0.9964,0.19
2020-09-30,0.9941,-0.23
2020-10-09,1.0047,1.07
2020-10-12,1.0175,1.27
2020-10-13,1.0189,0.14
2020-10-14,1.019,0.01
2020-10-15,1.0185,-0.05
2020-10-16,1.0198,0.13
2020-10-19,1.0157,-0.4
2020-10-20,1.0164,0.07
2020-10-21,1.0146,-0.18
2020-10-22,1.0099,-0.46
2020-10-23,1.0049,-0.5
2020-10-26,1.0055,0.06
2020-10-27,1.0031,-0.24
2020-10-28,1.0035,0.04
2020-10-29,1.0114,0.79
2020-10-30,0.9978,-1.34
2020-11-02,1.0076,0.98
2020-11-03,1.0192,1.15
2020-11-04,1.024,0.47
2020-11-05,1.0409,1.65
2020-11-06,1.0428,0.18
2020-11-09,1.059,1.55
2020-11-10,1.0559,-0.29
2020-11-11,1.059,0.29
2020-11-12,1.0652,0.59
2020-11-13,1.0587,-0.61
2020-11-16,1.0805,2.06
2020-11-17,1.0874,0.64
2020-11-18,1.0914,0.37
2020-11-19,1.0869,-0.41
2020-11-20,1.0933,0.59
2020-11-23,1.1073,1.28
2020-11-24,1.1037,-0.33
2020-11-25,1.0894,-1.3
2020-11-26,1.0852,-0.39
2020-11-27,1.0921,0.64
2020-11-30,1.0812,-1.0
2020-12-01,1.0948,1.26
2020-12-02,1.0965,0.16
2020-12-03,1.0891,-0.67
2020-12-04,1.0882,-0.08
2020-12-07,1.0777,-0.96
2020-12-08,1.0744,-0.31
2020-12-09,1.0621,-1.14
2020-12-10,1.0645,0.23
2020-12-11,1.0516,-1.21
2020-12-14,1.0443,-0.69
2020-12-15,1.0424,-0.18
2020-12-16,1.0402,-0.21
2020-12-17,1.0498,0.92
2020-12-18,1.0536,0.36
2020-12-21,1.0571,0.33
2020-12-22,1.0353,-2.06
2020-12-23,1.0368,0.14
2020-12-24,1.0273,-0.92
2020-12-25,1.0345,0.7
2020-12-28,1.0267,-0.75
2020-12-29,1.0182,-0.83
2020-12-30,1.0226,0.43
2020-12-31,1.0302,0.74
2021-01-04,1.034,0.37
2021-01-05,1.036,0.19
2021-01-06,1.0372,0.12
2021-01-07,1.0307,-0.63
2021-01-08,1.033,0.22
2021-01-11,1.022,-1.06
2021-01-12,1.0305,0.83
2021-01-13,1.029,-0.15
2021-01-14,1.0261,-0.28
2021-01-15,1.0314,0.52
2021-01-18,1.0389,0.73
2021-01-19,1.0438,0.47
2021-01-20,1.0435,-0.03
2021-01-21,1.0485,0.48
2021-01-22,1.0397,-0.84
2021-01-25,1.0265,-1.27
2021-01-26,1.0214,-0.5
2021-01-27,1.0223,0.09
2021-01-28,1.0082,-1.38
2021-01-29,1.0012,-0.69
2021-02-01,1.0113,1.01
2021-02-02,1.0191,0.77
2021-02-03,1.0112,-0.78
2021-02-04,1.0009,-1.02
2021-02-05,1.0031,0.22
2021-02-08,1.0131,1.0
2021-02-09,1.0254,1.21
2021-02-10,1.0333,0.77
2021-02-18,1.0566,2.25
2021-02-19,1.0717,1.43
2021-02-22,1.0807,0.84
2021-02-23,1.0723,-0.78
2021-02-24,1.0604,-1.11
2021-02-25,1.0738,1.26
2021-02-26,1.053,-1.94
2021-03-01,1.0737,1.97
2021-03-02,1.0644,-0.87
2021-03-03,1.0875,2.17
2021-03-04,1.079,-0.78
2021-03-05,1.073,-0.56
2021-03-08,1.0632,-0.91
2021-03-09,1.0543,-0.84
2021-03-10,1.0493,-0.47
2021-03-11,1.0725,2.21
2021-03-12,1.081,0.79
2021-03-15,1.0826,0.15
2021-03-16,1.0891,0.6
2021-03-17,1.0845,-0.42
2021-03-18,1.0883,0.35
2021-03-19,1.0779,-0.96
2021-03-22,1.0923,1.34
2021-03-23,1.0781,-1.3
2021-03-24,1.0623,-1.47
2021-03-25,1.0592,-0.29
2021-03-26,1.0721,1.22
2021-03-29,1.0835,1.06
2021-03-30,1.0825,-0.09
2021-03-31,1.08,-0.23
2021-04-01,1.0876,0.7
2021-04-02,1.0832,-0.4
2021-04-06,1.0883,0.47
2021-04-07,1.0969,0.79
2021-04-08,1.0949,-0.18
2021-04-09,1.0949,0.0
2021-04-12,1.0893,-0.51
2021-04-13,1.0808,-0.78
2021-04-14,1.0884,0.7
2021-04-15,1.0891,0.06
2021-04-16,1.1024,1.22
2021-04-19,1.1094,0.63
2021-04-20,1.1084,-0.09
2021-04-21,1.108,-0.04
2021-04-22,1.112,0.36
2021-04-23,1.1091,-0.26
2021-04-26,1.1022,-0.62
2021-04-27,1.1018,-0.04
2021-04-28,1.108,0.56
2021-04-29,1.114,0.54
2021-04-30,1.1093,-0.42
2021-05-06,1.1244,1.36
2021-05-07,1.1266,0.2
2021-05-10,1.1357,0.81
2021-05-11,1.1258,-0.87
2021-05-12,1.1355,0.86
2021-05-13,1.1236,-1.05
2021-05-14,1.1308,0.64
2021-05-17,1.1297,-0.1
2021-05-18,1.1357,0.53
2021-05-19,1.1356,-0.01
2021-05-20,1.1208,-1.3
2021-05-21,1.1253,0.4
2021-05-24,1.1322,0.61
2021-05-25,1.1457,1.19
2021-05-26,1.1536,0.69
2021-05-27,1.1588,0.45
2021-05-28,1.1616,0.24
2021-05-31,1.1714,0.84
2021-06-01,1.1791,0.66
2021-06-02,1.1738,-0.45
2021-06-03,1.1728,-0.09
2021-06-04,1.1696,-0.27
2021-06-07,1.1678,-0.15
2021-06-08,1.1621,-0.49
2021-06-09,1.1659,0.33
2021-06-10,1.1695,0.31
2021-06-11,1.1665,-0.26
2021-06-15,1.1579,-0.74
2021-06-16,1.1444,-1.17
2021-06-17,1.1445,0.01
2021-06-18,1.1444,-0.01
2021-06-21,1.1504,0.52
2021-06-22,1.1637,1.16
2021-06-23,1.1798,1.38
2021-06-24,1.1785,-0.11
2021-06-25,1.1838,0.45
2021-06-28,1.1747,-0.77
2021-06-29,1.1739,-0.07
2021-06-30,1.1778,0.33
2021-07-01,1.1734,-0.37
2021-07-02,1.1658,-0.65
2021-07-05,1.1682,0.21
2021-07-06,1.1675,-0.06
2021-07-07,1.1702,0.23
2021-07-08,1.1518,-1.57
2021-07-09,1.163,0.97
2021-07-12,1.1718,0.76
2021-07-13,1.1803,0.73
2021-07-14,1.174,-0.53
2021-07-15,1.1806,0.56
2021-07-16,1.1833,0.23
2021-07-19,1.1806,-0.23
2021-07-20,1.1777,-0.25
2021-07-21,1.178,0.03
2021-07-22,1.1914,1.14
2021-07-23,1.1767,-1.23
2021-07-26,1.1551,-1.84
2021-07-27,1.124,-2.69
2021-07-28,1.1124,-1.03
2021-07-29,1.1241,1.05
2021-07-30,1.1375,1.19
2021-08-02,1.1406,0.27
2021-08-03,1.128,-1.1
2021-08-04,1.1446,1.47
2021-08-05,1.1384,-0.54
2021-08-06,1.1439,0.48
2021-08-09,1.1587,1.29
2021-08-10,1.1612,0.22
2021-08-11,1.1788,1.52
2021-08-12,1.1931,1.21
2021-08-13,1.1945,0.12
2021-08-16,1.1957,0.1
2021-08-17,1.1749,-1.74
2021-08-18,1.1824,0.64
2021-08-19,1.1762,-0.52
2021-08-20,1.1776,0.12
2021-08-23,1.1905,1.1
2021-08-24,1.2001,0.81
2021-08-25,1.2136,1.12
2021-08-26,1.218,0.36
2021-08-27,1.2259,0.65
2021-08-30,1.2325,0.54
2021-08-31,1.2572,2.0
2021-09-01,1.252,-0.41
2021-09-02,1.2713,1.54
2021-09-03,1.2681,-0.25
2021-09-06,1.2791,0.87
2021-09-07,1.3036,1.92
2021-09-08,1.3138,0.78
2021-09-09,1.3368,1.75
2021-09-10,1.3203,-1.23
2021-09-13,1.3428,1.7
2021-09-14,1.3211,-1.62
2021-09-15,1.3248,0.28
2021-09-16,1.306,-1.42
2021-09-17,1.2841,-1.68
2021-09-22,1.3016,1.36
2021-09-23,1.303,0.11
2021-09-24,1.2656,-2.87
2021-09-27,1.2325,-2.62
2021-09-28,1.2511,1.51
2021-09-29,1.2136,-3.0
2021-09-30,1.2323,1.54
2021-10-08,1.2319,-0.03
2021-10-11,1.2384,0.53
2021-10-12,1.219,-1.57
2021-10-13,1.2108,-0.67
2021-10-14,1.2066,-0.35
2021-10-15,1.2104,0.31
2021-10-18,1.227,1.37
2021-10-19,1.1877,0.63
2021-10-20,1.177,-0.9
2021-10-21,1.1848,0.66
2021-10-22,1.1656,-1.62
2021-10-25,1.1667,0.09
2021-10-26,1.1616,-0.44
2021-10-27,1.145,-1.43
2021-10-28,1.1203,-2.16
2021-10-29,1.1253,0.45
2021-11-01,1.131,0.51
2021-11-02,1.1095,-1.9
2021-11-03,1.123,1.22
2021-11-04,1.1235,0.04
2021-11-05,1.108,-1.38
2021-11-08,1.1141,0.55
2021-11-09,1.1195,0.48
2021-11-10,1.1185,-0.09
2021-11-11,1.1338,1.37
2021-11-12,1.1268,-0.62
2021-11-15,1.1286,0.16
2021-11-16,1.1228,-0.51
2021-11-17,1.1315,0.77
2021-11-18,1.1308,-0.06
2021-11-19,1.1457,1.32
2021-11-22,1.1473,0.14
2021-11-23,1.1534,0.53
2021-11-24,1.1594,0.52
2021-11-25,1.1548,-0.4
2021-11-26,1.147,-0.68
2021-11-29,1.1403,-0.58
2021-11-30,1.1433,0.26
2021-12-01,1.156,1.11
2021-12-02,1.1583,0.2
2021-12-03,1.1661,0.67
2021-12-06,1.1541,-1.03
2021-12-07,1.1599,0.5
2021-12-08,1.1615,0.14
2021-12-09,1.1633,0.15
2021-12-10,1.1523,-0.95
2021-12-13,1.1517,-0.05
2021-12-14,1.1407,-0.96
2021-12-15,1.1451,0.39
2021-12-16,1.1609,1.38
2021-12-17,1.154,-0.59
2021-12-20,1.1444,-0.83
2021-12-21,1.166,1.89
2021-12-22,1.1621,-0.33
2021-12-23,1.1664,0.37
2021-12-24,1.1601,-0.54
2021-12-27,1.1665,0.55
2021-12-28,1.1611,-0.46
2021-12-29,1.1576,-0.3
2021-12-30,1.1605,0.25
2021-12-31,1.1712,0.92
2022-01-04,1.1844,1.13
2022-01-05,1.1812,-0.27
2022-01-06,1.1862,0.42
2022-01-07,1.1892,0.25
2022-01-10,1.2,0.91
2022-01-11,1.205,0.42
2022-01-12,1.1999,-0.42
2022-01-13,1.1965,-0.28
2022-01-14,1.1763,-1.69
2022-01-17,1.1794,0.26
2022-01-18,1.1902,0.92
2022-01-19,1.1975,0.61
2022-01-20,1.1933,-0.35
2022-01-21,1.1852,-0.68
2022-01-24,1.1801,-0.43
2022-01-25,1.142,-3.23
2022-01-26,1.149,0.61
2022-01-27,1.1344,-1.27
2022-01-28,1.1294,-0.44
2022-02-07,1.1569,2.43
2022-02-08,1.1809,2.07
2022-02-09,1.186,0.43
2022-02-10,1.1981,1.02
2022-02-11,1.1958,-0.19
2022-02-14,1.1786,-1.44
2022-02-15,1.1741,-0.38
2022-02-16,1.184,0.84
2022-02-17,1.1791,-0.41
2022-02-18,1.2,1.77
2022-02-21,1.2072,0.6
2022-02-22,1.1977,-0.79
2022-02-23,1.1949,-0.23
2022-02-24,1.1732,-1.82
2022-02-25,1.1729,-0.03
2022-02-28,1.1737,0.07
2022-03-01,1.1831,0.8
2022-03-02,1.1904,0.62
2022-03-03,1.2023,1.0
2022-03-04,1.1968,-0.46
2022-03-07,1.1849,-0.99
2022-03-08,1.1467,-3.22
2022-03-09,1.1329,-1.2
2022-03-10,1.146,1.16
2022-03-11,1.153,0.61
2022-03-14,1.1296,-2.03
2022-03-15,1.0643,-5.78
2022-03-16,1.0883,2.26
2022-03-17,1.1062,1.64
2022-03-18,1.1333,2.45
2022-03-21,1.1378,0.4
2022-03-22,1.156,1.6
2022-03-23,1.1589,0.25
2022-03-24,1.1553,-0.31
2022-03-25,1.1544,-0.08
2022-03-28,1.1676,1.14
2022-03-29,1.1656,-0.17
2022-03-30,1.1796,1.2
2022-03-31,1.1921,1.06
2022-04-01,1.2035,0.96
2022-04-06,1.2222,1.55
2022-04-07,1.2003,-1.79
2022-04-08,1.2118,0.96
2022-04-11,1.1865,-2.09
2022-04-12,1.1838,-0.23
2022-04-13,1.1815,-0.19
2022-04-14,1.2079,2.23
2022-04-15,1.2012,-0.55
2022-04-18,1.1862,-1.25
2022-04-19,1.1992,1.1
2022-04-20,1.1665,-2.73
2022-04-21,1.1413,-2.16
2022-04-22,1.1551,1.21
2022-04-25,1.0979,-4.95
2022-04-26,1.0785,-1.77
2022-04-27,1.0901,1.08
2022-04-28,1.1009,0.99
2022-04-29,1.1278,2.44
2022-05-05,1.1345,0.59
2022-05-06,1.1081,-2.33
2022-05-09,1.111,0.26
2022-05-10,1.1116,0.05
2022-05-11,1.1107,-0.08
2022-05-12,1.1083,-0.22
2022-05-13,1.1349,2.4
2022-05-16,1.1459,0.97
2022-05-17,1.1388,-0.62
2022-05-18,1.1316,-0.63
2022-05-19,1.1363,0.42
2022-05-20,1.1477,1.0
2022-05-23,1.1507,0.26
2022-05-24,1.1228,-2.42
2022-05-25,1.1402,1.55
2022-05-26,1.1535,1.17
2022-05-27,1.1527,-0.07
2022-05-30,1.1529,0.02
2022-05-31,1.1536,0.06
2022-06-01,1.1592,0.49
2022-06-02,1.1513,-0.68
2022-06-06,1.1555,0.36
2022-06-07,1.1599,0.38
2022-06-08,1.1693,0.81
2022-06-09,1.164,-0.45
2022-06-10,1.1739,0.85
2022-06-13,1.1602,-1.17
2022-06-14,1.1756,1.33
2022-06-15,1.1754,-0.02
2022-06-16,1.16,-1.31
2022-06-17,1.1603,0.03
2022-06-20,1.1557,-0.4
2022-06-21,1.1575,0.16
2022-06-22,1.1433,-1.23
2022-06-23,1.1583,1.31
2022-06-24,1.1578,-0.04
2022-06-27,1.1678,0.86
2022-06-28,1.1776,0.84
2022-06-29,1.1742,-0.29
2022-06-30,1.1788,0.39
2022-07-01,1.1831,0.36
2022-07-04,1.187,0.33
2022-07-05,1.1886,0.13
2022-07-06,1.1675,-1.78
2022-07-07,1.1759,0.72
2022-07-08,1.1774,0.13
2022-07-11,1.1637,-1.16
2022-07-12,1.1657,0.17
2022-07-13,1.1674,0.15
2022-07-14,1.1554,-1.03
2022-07-15,1.1333,-1.91
2022-07-18,1.1598,2.34
2022-07-19,1.164,0.36
2022-07-20,1.1677,0.32
2022-07-21,1.1532,-1.24
2022-07-22,1.1484,-0.42
2022-07-25,1.1474,-0.09
2022-07-26,1.1633,1.39
2022-07-27,1.1642,0.08
2022-07-28,1.1701,0.51
2022-07-29,1.1613,-0.75
2022-08-01,1.1649,0.31
2022-08-02,1.134,-2.65
2022-08-03,1.1201,-1.23
2022-08-04,1.126,0.53
2022-08-05,1.1342,0.73
2022-08-08,1.1511,1.49
2022-08-09,1.1534,0.2
2022-08-10,1.1487,-0.41
2022-08-11,1.1624,1.19
2022-08-12,1.1699,0.65
2022-08-15,1.1727,0.24
2022-08-16,1.1788,0.52
2022-08-17,1.1822,0.29
2022-08-18,1.1729,-0.79
2022-08-19,1.1813,0.72
2022-08-22,1.1913,0.85
2022-08-23,1.1967,0.45
2022-08-24,1.1764,-1.7
2022-08-25,1.1966,1.72
2022-08-26,1.1918,-0.4
2022-08-29,1.2005,0.73
2022-08-30,1.1938,-0.56
2022-08-31,1.1825,-0.95
2022-09-01,1.1898,0.62
2022-09-02,1.1892,-0.05
2022-09-05,1.206,1.41
2022-09-06,1.2251,1.58
2022-09-07,1.2218,-0.27
2022-09-08,1.2176,-0.34
2022-09-09,1.2297,0.99
2022-09-13,1.2219,-0.63
2022-09-14,1.2124,-0.78
2022-09-15,1.2103,-0.17
2022-09-16,1.1751,-2.91
2022-09-19,1.1756,0.04
2022-09-20,1.1767,0.09
2022-09-21,1.1855,0.75
2022-09-22,1.1843,-0.1
2022-09-23,1.1725,-1.0
2022-09-26,1.1527,-1.69
2022-09-27,1.1655,1.11
2022-09-28,1.152,-1.16
2022-09-29,1.1469,-0.44
2022-09-30,1.1531,0.54
2022-10-10,1.1501,-0.26
2022-10-11,1.1502,0.01
2022-10-12,1.1654,1.32
2022-10-13,1.1555,-0.85
2022-10-14,1.168,1.08
2022-10-17,1.1682,0.02
2022-10-18,1.1293,0.09
2022-10-19,1.1209,-0.74
2022-10-20,1.1113,-0.86
2022-10-21,1.1162,0.44
2022-10-24,1.0937,-2.02
2022-10-25,1.0896,-0.37
2022-10-26,1.0872,-0.22
2022-10-27,1.0897,0.23
2022-10-28,1.0626,-2.49
2022-10-31,1.0483,-1.35
2022-11-01,1.0613,1.24
2022-11-02,1.0738,1.18
2022-11-03,1.0684,-0.5
2022-11-04,1.0892,1.95
2022-11-07,1.0967,0.69
2022-11-08,1.0978,0.1
2022-11-09,1.0989,0.1
2022-11-10,1.0986,-0.03
2022-11-11,1.1216,2.09
2022-11-14,1.1247,0.28
2022-11-15,1.1351,0.92
2022-11-16,1.1312,-0.34
2022-11-17,1.127,-0.37
2022-11-18,1.1199,-0.63
2022-11-21,1.1205,0.05
2022-11-22,1.1217,0.11
2022-11-23,1.1241,0.21
2022-11-24,1.1317,0.68
2022-11-25,1.1449,1.17
2022-11-28,1.1402,-0.41
2022-11-29,1.1709,2.69
2022-11-30,1.1688,-0.18
2022-12-01,1.163,-0.5
2022-12-02,1.1595,-0.3
2022-12-05,1.1755,1.38
2022-12-06,1.1701,-0.46
2022-12-07,1.1638,-0.54
2022-12-08,1.1666,0.24
2022-12-09,1.1634,-0.27
2022-12-12,1.1471,-1.4
2022-12-13,1.1521,0.44
2022-12-14,1.148,-0.36
2022-12-15,1.1371,-0.95
2022-12-16,1.1483,0.98
2022-12-19,1.1262,-1.92
2022-12-20,1.1153,-0.97
2022-12-21,1.1158,0.04
2022-12-22,1.1085,-0.65
2022-12-23,1.1073,-0.11
2022-12-26,1.1047,-0.23
2022-12-27,1.1157,1.0
2022-12-28,1.1174,0.15
2022-12-29,1.108,-0.84
2022-12-30,1.1151,0.64
2022-12-31,1.1151,0.0
2023-01-03,1.1218,0.6
2023-01-04,1.1301,0.74
2023-01-05,1.1331,0.27
2023-01-06,1.1308,-0.2
2023-01-09,1.1302,-0.05
2023-01-10,1.124,-0.55
2023-01-11,1.1297,0.51
2023-01-12,1.1256,-0.36
2023-01-13,1.1347,0.81
2023-01-16,1.1388,0.36
2023-01-17,1.1372,-0.14
2023-01-18,1.1384,0.11
2023-01-19,1.1427,0.38
2023-01-20,1.1533,0.93
2023-01-30,1.1493,-0.35
2023-01-31,1.1517,0.21
2023-02-01,1.155,0.29
2023-02-02,1.1568,0.16
2023-02-03,1.1473,-0.82
2023-02-06,1.1411,-0.54
2023-02-07,1.1469,0.51
2023-02-08,1.1421,-0.42
2023-02-09,1.1505,0.74
2023-02-10,1.1509,0.03
2023-02-13,1.1547,0.33
2023-02-14,1.1603,0.48
2023-02-15,1.1535,-0.59
2023-02-16,1.1443,-0.8
2023-02-17,1.1455,0.1
2023-02-20,1.1697,2.11
2023-02-21,1.1821,1.06
2023-02-22,1.1827,0.05
2023-02-23,1.1843,0.14
2023-02-24,1.1797,-0.39
2023-02-27,1.1786,-0.09
2023-02-28,1.1835,0.42
2023-03-01,1.191,0.63
2023-03-02,1.196,0.42
2023-03-03,1.2008,0.4
2023-03-06,1.1956,-0.43
2023-03-07,1.1889,-0.56
2023-03-08,1.188,-0.08
2023-03-09,1.1845,-0.29
2023-03-10,1.1649,-1.65
2023-03-13,1.178,1.12
2023-03-14,1.1688,-0.78
2023-03-15,1.182,1.13
2023-03-16,1.1718,-0.86
2023-03-17,1.1783,0.55
2023-03-20,1.173,-0.45
2023-03-21,1.1729,-0.01
2023-03-22,1.178,0.43
2023-03-23,1.1788,0.07
2023-03-24,1.1697,-0.77
2023-03-27,1.1609,-0.75
2023-03-28,1.1612,0.03
2023-03-29,1.1581,-0.27
2023-03-30,1.1649,0.59
2023-03-31,1.1686,0.32
2023-04-03,1.1736,0.43
2023-04-04,1.1776,0.34
2023-04-06,1.1707,-0.59
2023-04-07,1.1749,0.36
2023-04-10,1.1759,0.09
2023-04-11,1.183,0.6
2023-04-12,1.1941,0.94
2023-04-13,1.1942,0.01
2023-04-14,1.1929,-0.11
2023-04-17,1.2083,1.29
2023-04-18,1.2124,0.34
2023-04-19,1.2115,-0.07
2023-04-20,1.2134,0.16
2023-04-21,1.1998,-1.12
2023-04-24,1.1988,-0.08
2023-04-25,1.2024,0.3
2023-04-26,1.2053,0.24
2023-04-27,1.2083,0.25
2023-04-28,1.2209,1.04
2023-05-04,1.2438,1.88
2023-05-05,1.2468,0.24
2023-05-08,1.2725,2.06
2023-05-09,1.2642,-0.65
2023-05-10,1.2423,-1.73
2023-05-11,1.2418,-0.04
2023-05-12,1.2348,-0.56
2023-05-15,1.2347,-0.01
2023-05-16,1.2265,-0.66
2023-05-17,1.2212,-0.43
2023-05-18,1.227,0.47
2023-05-19,1.2131,-1.13
2023-05-22,1.2129,-0.02
2023-05-23,1.1986,-1.18
2023-05-24,1.1826,-1.33
2023-05-25,1.1775,-0.43
2023-05-26,1.1871,0.82
2023-05-29,1.1961,0.76
2023-05-30,1.1958,-0.03
2023-05-31,1.1869,-0.74
2023-06-01,1.1831,-0.32
2023-06-02,1.19,0.58
2023-06-05,1.1959,0.5
2023-06-06,1.1877,-0.69
2023-06-07,1.1963,0.72
2023-06-08,1.2081,0.99
2023-06-09,1.2062,-0.16
2023-06-12,1.2001,-0.51
2023-06-13,1.1981,-0.17
2023-06-14,1.1933,-0.4
2023-06-15,1.1958,0.21
2023-06-16,1.1927,-0.26
2023-06-19,1.1795,-1.11
2023-06-20,1.1713,-0.7
2023-06-21,1.1631,-0.7
2023-06-26,1.1494,-1.18
2023-06-27,1.1693,1.73
2023-06-28,1.1765,0.62
2023-06-29,1.1741,-0.2
2023-06-30,1.1781,0.34
2023-07-03,1.1897,0.98
2023-07-04,1.1843,-0.45
2023-07-05,1.1829,-0.12
2023-07-06,1.1784,-0.38
2023-07-07,1.1827,0.36
2023-07-10,1.1873,0.39
2023-07-11,1.1895,0.19
2023-07-12,1.1838,-0.48
2023-07-13,1.1958,1.01
2023-07-14,1.1976,0.15
2023-07-17,1.1916,-0.5
2023-07-18,1.1916,0.0
2023-07-19,1.1976,0.5
2023-07-20,1.1937,-0.33
2023-07-21,1.1945,0.07
2023-07-24,1.1949,0.03
2023-07-25,1.2136,1.56
2023-07-26,1.216,0.2
2023-07-27,1.2172,0.1
2023-07-28,1.2382,1.73
2023-07-31,1.2467,0.69
2023-08-01,1.2478,0.09
2023-08-02,1.237,-0.87
2023-08-03,1.2436,0.53
2023-08-04,1.2403,-0.27
2023-08-07,1.2302,-0.81
2023-08-08,1.2286,-0.13
2023-08-09,1.224,-0.37
2023-08-10,1.2287,0.38
2023-08-11,1.2109,-1.45
2023-08-14,1.2104,-0.04
2023-08-15,1.2181,0.64
2023-08-16,1.2176,-0.04
2023-08-17,1.2178,0.02
2023-08-18,1.2124,-0.44
2023-08-21,1.2005,-0.98
2023-08-22,1.2091,0.72
2023-08-23,1.2059,-0.26
2023-08-24,1.2005,-0.45
2023-08-25,1.2032,0.22
2023-08-28,1.2189,1.3
2023-08-29,1.2211,0.18
2023-08-30,1.2127,-0.69
2023-08-31,1.201,-0.96
2023-09-01,1.2125,0.96
2023-09-04,1.2302,1.46
2023-09-05,1.2215,-0.71
2023-09-06,1.2214,-0.01
2023-09-07,1.2153,-0.5
2023-09-08,1.2079,-0.61
2023-09-11,1.2164,0.7
2023-09-12,1.215,-0.12
2023-09-13,1.2181,0.26
2023-09-14,1.2297,0.95
2023-09-15,1.2278,-0.15
2023-09-18,1.2291,0.11
2023-09-19,1.2368,0.63
2023-09-20,1.2382,0.11
2023-09-21,1.2306,-0.61
2023-09-22,1.2355,0.4
2023-09-25,1.233,-0.2
2023-09-26,1.2278,-0.42
2023-09-27,1.2237,-0.33
2023-09-28,1.2239,0.02
2023-10-09,1.2198,-0.33
2023-10-10,1.2083,-0.94
2023-10-11,1.2048,-0.29
2023-10-12,1.2163,0.95
2023-10-13,1.2149,-0.12
2023-10-16,1.2171,0.18
2023-10-17,1.1633,0.18
2023-10-18,1.1531,-0.88
2023-10-19,1.1351,-1.56
2023-10-20,1.1295,-0.49
2023-10-23,1.1153,-1.26
2023-10-24,1.1229,0.68
2023-10-25,1.1318,0.79
2023-10-26,1.1367,0.43
2023-10-27,1.1411,0.39
2023-10-30,1.13,-0.97
2023-10-31,1.1319,0.17
2023-11-01,1.1302,-0.15
2023-11-02,1.1319,0.15
2023-11-03,1.1269,-0.44
2023-11-06,1.1251,-0.16
2023-11-07,1.1247,-0.04
2023-11-08,1.1233,-0.12
2023-11-09,1.1302,0.61
2023-11-10,1.1262,-0.35
2023-11-13,1.1281,0.17
2023-11-14,1.1265,-0.14
2023-11-15,1.1317,0.46
2023-11-16,1.1303,-0.12
2023-11-17,1.1275,-0.25
2023-11-20,1.1302,0.24
2023-11-21,1.1341,0.35
2023-11-22,1.1309,-0.28
2023-11-23,1.1392,0.73
2023-11-24,1.1398,0.05
2023-11-27,1.1369,-0.25
2023-11-28,1.1368,-0.01
2023-11-29,1.1294,-0.65
2023-11-30,1.1329,0.31
2023-12-01,1.1361,0.28
2023-12-04,1.1363,0.02
2023-12-05,1.1225,-1.21
2023-12-06,1.1221,-0.04
2023-12-07,1.1233,0.11
2023-12-08,1.1198,-0.31
2023-12-11,1.1321,1.1
2023-12-12,1.1401,0.71
2023-12-13,1.1313,-0.77
2023-12-14,1.1303,-0.09
2023-12-15,1.124,-0.56
2023-12-18,1.1216,-0.21
2023-12-19,1.1198,-0.16
2023-12-20,1.115,-0.43
2023-12-21,1.114,-0.09
2023-12-22,1.1117,-0.21
2023-12-25,1.1134,0.15
2023-12-26,1.1072,-0.56
2023-12-27,1.1133,0.55
2023-12-28,1.1119,-0.13
2023-12-29,1.1174,0.49
2023-12-31,1.1174,0.0
2024-01-02,1.1283,0.98
2024-01-03,1.1396,1.0
2024-01-04,1.1442,0.4
2024-01-05,1.1449,0.06
2024-01-08,1.1335,-1.0
2024-01-09,1.1395,0.53
2024-01-10,1.1335,-0.53
2024-01-11,1.1281,-0.48
2024-01-12,1.1306,0.22
2024-01-15,1.1359,0.47
2024-01-16,1.1396,0.33
2024-01-17,1.1246,-1.32
2024-01-18,1.1177,-0.61
2024-01-19,1.1115,-0.55
2024-01-22,1.0769,-3.11
2024-01-23,1.0891,1.13
2024-01-24,1.1118,2.08
2024-01-25,1.142,2.72
2024-01-26,1.1561,1.23
2024-01-29,1.1591,0.26
2024-01-30,1.146,-1.13
2024-01-31,1.1421,-0.34
2024-02-01,1.1317,-0.91
2024-02-02,1.1308,-0.08
2024-02-05,1.1298,-0.09
2024-02-06,1.155,2.23
2024-02-07,1.1765,1.86
2024-02-08,1.178,0.13
2024-02-19,1.2002,1.88
2024-02-20,1.2132,1.08
2024-02-21,1.2134,0.02
2024-02-22,1.2301,1.38
2024-02-23,1.226,-0.33
2024-02-26,1.2057,-1.66
2024-02-27,1.2117,0.5
2024-02-28,1.2009,-0.89
2024-02-29,1.214,1.09
2024-03-01,1.214,0.0
2024-03-04,1.2194,0.44
2024-03-05,1.2256,0.51
2024-03-06,1.2253,-0.02
2024-03-07,1.2309,0.46
2024-03-08,1.2372,0.51
2024-03-11,1.2285,-0.7
2024-03-12,1.2067,-1.77
2024-03-13,1.2019,-0.4
2024-03-14,1.2049,0.25
2024-03-15,1.2048,-0.01
2024-03-18,1.202,-0.23
2024-03-19,1.1979,-0.34
2024-03-20,1.2023,0.37
2024-03-21,1.2037,0.12
2024-03-22,1.1998,-0.32
2024-03-25,1.2008,0.08
2024-03-26,1.2,-0.07
2024-03-27,1.1961,-0.32
2024-03-28,1.1951,-0.08
2024-03-29,1.2068,0.98
2024-04-01,1.2101,0.27
2024-04-02,1.2144,0.36
2024-04-03,1.2256,0.92
2024-04-08,1.2238,-0.15
2024-04-09,1.2195,-0.35
2024-04-10,1.2221,0.21
2024-04-11,1.2323,0.83
2024-04-12,1.2283,-0.32
2024-04-15,1.2498,1.75
2024-04-16,1.2457,-0.33
2024-04-17,1.2669,1.7
2024-04-18,1.2718,0.39
2024-04-19,1.2755,0.29
2024-04-22,1.2511,-1.91
2024-04-23,1.2316,-1.56
2024-04-24,1.2332,0.13
2024-04-25,1.2391,0.48
2024-04-26,1.2318,-0.59
2024-04-29,1.2307,-0.09
2024-04-30,1.2328,0.17
2024-05-06,1.2444,0.94
2024-05-07,1.2448,0.03
2024-05-08,1.2463,0.12
2024-05-09,1.2546,0.67
2024-05-10,1.261,0.51
2024-05-13,1.2643,0.26
2024-05-14,1.2609,-0.27
2024-05-15,1.2601,-0.06
2024-05-16,1.2629,0.22
2024-05-17,1.2752,0.97
2024-05-20,1.2864,0.88
2024-05-21,1.2906,0.33
2024-05-22,1.2901,-0.04
2024-05-23,1.2747,-1.19
2024-05-24,1.2718,-0.23
2024-05-27,1.2891,1.36
2024-05-28,1.2834,-0.44
2024-05-29,1.286,0.2
2024-05-30,1.2762,-0.76
2024-05-31,1.2772,0.08
2024-06-03,1.2698,-0.58
2024-06-04,1.2759,0.48
2024-06-05,1.2606,-1.2
2024-06-06,1.2642,0.29
2024-06-07,1.2736,0.74
2024-06-11,1.2537,-1.56
2024-06-12,1.2675,1.1
2024-06-13,1.2547,-1.01
2024-06-14,1.2549,0.02
2024-06-17,1.2397,-1.21
2024-06-18,1.244,0.35
2024-06-19,1.2406,-0.27
2024-06-20,1.2381,-0.2
2024-06-21,1.2386,0.04
2024-06-24,1.2246,-1.13
2024-06-25,1.2283,0.3
2024-06-26,1.233,0.38
2024-06-27,1.2271,-0.48
2024-06-28,1.2337,0.54
2024-06-30,1.2337,0.0
2024-07-01,1.259,2.05
2024-07-02,1.2576,-0.11
2024-07-03,1.2482,-0.75
2024-07-04,1.2409,-0.58
2024-07-05,1.2376,-0.27
2024-07-08,1.2314,-0.5
2024-07-09,1.2445,1.06
2024-07-10,1.2233,-1.7
2024-07-11,1.227,0.3
2024-07-12,1.2258,-0.1
2024-07-15,1.2359,0.82
2024-07-16,1.2304,-0.45
2024-07-17,1.224,-0.52
2024-07-18,1.2268,0.23
2024-07-19,1.2194,-0.6
2024-07-22,1.2087,-0.88
2024-07-23,1.1945,-1.17
2024-07-24,1.1927,-0.15
2024-07-25,1.19,-0.23
2024-07-26,1.1907,0.06
2024-07-29,1.1917,0.08
2024-07-30,1.1849,-0.57
2024-07-31,1.2027,1.5
2024-08-01,1.2007,-0.17
2024-08-02,1.1978,-0.24
2024-08-05,1.1847,-1.09
2024-08-06,1.1812,-0.3
2024-08-07,1.1842,0.25
2024-08-08,1.1894,0.44
2024-08-09,1.1847,-0.4
2024-08-12,1.1909,0.52
2024-08-13,1.1926,0.14
2024-08-14,1.1879,-0.39
2024-08-15,1.1979,0.84
2024-08-16,1.198,0.01
2024-08-19,1.2075,0.79
2024-08-20,1.1944,-1.08
2024-08-21,1.1855,-0.75
2024-08-22,1.1838,-0.14
2024-08-23,1.1849,0.09
2024-08-26,1.1836,-0.11
2024-08-27,1.1835,-0.01
2024-08-28,1.1786,-0.41
2024-08-29,1.1624,-1.37
2024-08-30,1.1662,0.33
2024-09-02,1.1703,0.35
2024-09-03,1.1621,-0.7
2024-09-04,1.1606,-0.13
2024-09-05,1.1613,0.06
2024-09-06,1.1506,-0.92
2024-09-09,1.1323,-1.59
2024-09-10,1.1331,0.07
2024-09-11,1.1124,-1.83
2024-09-12,1.1154,0.27
2024-09-13,1.1113,-0.37
2024-09-18,1.1232,1.07
2024-09-19,1.1269,0.33
2024-09-20,1.1259,-0.09
2024-09-23,1.1372,1.0
2024-09-24,1.1856,4.26
2024-09-25,1.2011,1.31
2024-09-26,1.2421,3.41
2024-09-27,1.2591,1.37
2024-09-30,1.3355,6.07
2024-10-08,1.3478,0.92
2024-10-09,1.2478,-7.42
2024-10-10,1.2848,2.97
2024-10-11,1.2622,-1.76
2024-10-14,1.2935,2.48
2024-10-15,1.2665,-2.09
2024-10-16,1.2828,1.29
2024-10-17,1.2063,-1.52
2024-10-18,1.2156,0.77
2024-10-21,1.2085,-0.58
2024-10-22,1.2157,0.6
2024-10-23,1.2177,0.16
2024-10-24,1.2123,-0.44
2024-10-25,1.2135,0.1
2024-10-28,1.2249,0.94
2024-10-29,1.2072,-1.45
2024-10-30,1.1973,-0.82
2024-10-31,1.193,-0.36
2024-11-01,1.2022,0.77
2024-11-04,1.2119,0.81
2024-11-05,1.2266,1.21
2024-11-06,1.2223,-0.35
2024-11-07,1.2455,1.9
2024-11-08,1.2294,-1.29
2024-11-11,1.2212,-0.67
2024-11-12,1.2152,-0.49
2024-11-13,1.2201,0.4
2024-11-14,1.2052,-1.22
2024-11-15,1.2018,-0.28
2024-11-18,1.2204,1.55
2024-11-19,1.2214,0.08
2024-11-20,1.2249,0.29
2024-11-21,1.2239,-0.08
2024-11-22,1.1927,-2.55
2024-11-25,1.1944,0.14
2024-11-26,1.1948,0.03
2024-11-27,1.207,1.02
2024-11-28,1.2028,-0.35
2024-11-29,1.2101,0.61
2024-12-02,1.2161,0.5
2024-12-03,1.2277,0.95
2024-12-04,1.2297,0.16
2024-12-05,1.2278,-0.15
2024-12-06,1.2437,1.29
2024-12-09,1.2455,0.14
2024-12-10,1.2458,0.02
2024-12-11,1.2523,0.52
2024-12-12,1.257,0.38
2024-12-13,1.2352,-1.73
2024-12-16,1.242,0.55
2024-12-17,1.2377,-0.35
2024-12-18,1.2448,0.57
2024-12-19,1.2336,-0.9
2024-12-20,1.2239,-0.79
2024-12-23,1.2242,0.02
2024-12-24,1.2371,1.05
2024-12-25,1.2416,0.36
2024-12-26,1.2362,-0.43
2024-12-27,1.2386,0.19
2024-12-30,1.2526,1.13
2024-12-31,1.2461,-0.52
2025-01-02,1.2229,-1.86
2025-01-03,1.2133,-0.79
2025-01-06,1.2173,0.33
2025-01-07,1.2143,-0.25
2025-01-08,1.2122,-0.17
2025-01-09,1.1954,-1.39
2025-01-10,1.1783,-1.43
2025-01-13,1.1697,-0.73
2025-01-14,1.1897,1.71
2025-01-15,1.1901,0.03
2025-01-16,1.1992,0.76
2025-01-17,1.196,-0.27
2025-01-20,1.1943,-0.14
2025-01-21,1.1874,-0.58
2025-01-22,1.177,-0.88
2025-01-23,1.189,1.02
2025-01-24,1.1971,0.68
2025-01-27,1.2106,1.13
2025-02-05,1.188,-1.87
2025-02-06,1.189,0.08
2025-02-07,1.1966,0.64
2025-02-10,1.1953,-0.11
2025-02-11,1.1995,0.35
2025-02-12,1.1997,0.02
2025-02-13,1.2001,0.03
2025-02-14,1.2023,0.18
2025-02-17,1.1975,-0.4
2025-02-18,1.1937,-0.32
2025-02-19,1.1905,-0.27
2025-02-20,1.1879,-0.22
2025-02-21,1.1807,-0.61
2025-02-24,1.1816,0.08
2025-02-25,1.1742,-0.63
2025-02-26,1.1881,1.18
2025-02-27,1.2006,1.05
2025-02-28,1.1922,-0.7
2025-03-03,1.191,-0.1
2025-03-04,1.1911,0.01
2025-03-05,1.1964,0.44
2025-03-06,1.1962,-0.02
2025-03-07,1.1977,0.13
2025-03-10,1.2009,0.27
2025-03-11,1.2082,0.61
2025-03-12,1.2036,-0.38
2025-03-13,1.2116,0.66
2025-03-14,1.2203,0.72
2025-03-17,1.2244,0.34
2025-03-18,1.2225,-0.16
2025-03-19,1.2243,0.15
2025-03-20,1.221,-0.27
2025-03-21,1.2161,-0.4
2025-03-24,1.2224,0.52
2025-03-25,1.2297,0.6
2025-03-26,1.228,-0.14
2025-03-27,1.2269,-0.09
2025-03-28,1.2186,-0.68
2025-03-31,1.2125,-0.5
2025-04-01,1.2236,0.92
2025-04-02,1.2278,0.34
2025-04-03,1.2294,0.13
2025-04-07,1.152,-6.3
2025-04-08,1.1802,2.45
2025-04-09,1.1835,0.28
2025-04-10,1.1942,0.9
2025-04-11,1.189,-0.44
2025-04-14,1.1992,0.86
2025-04-15,1.2046,0.45
2025-04-16,1.2097,0.42
2025-04-17,1.2074,-0.19
2025-04-18,1.2081,0.06
2025-04-21,1.2065,-0.13
2025-04-22,1.211,0.37
2025-04-23,1.2057,-0.44
2025-04-24,1.2119,0.51
2025-04-25,1.2103,-0.13
2025-04-28,1.2102,-0.01
2025-04-29,1.2077,-0.21
2025-04-30,1.2007,-0.58
2025-05-06,1.2035,0.23
2025-05-07,1.2112,0.64
2025-05-08,1.213,0.15
2025-05-09,1.2194,0.53
2025-05-12,1.2234,0.33
2025-05-13,1.2315,0.66
2025-05-14,1.238,0.53
2025-05-15,1.234,-0.32
2025-05-16,1.2274,-0.53
2025-05-19,1.2312,0.31
2025-05-20,1.2348,0.29
2025-05-21,1.2441,0.75
2025-05-22,1.2423,-0.14
2025-05-23,1.2311,-0.9
2025-05-26,1.2233,-0.63
2025-05-27,1.2203,-0.25
2025-05-28,1.2242,0.32
2025-05-29,1.2266,0.2
2025-05-30,1.2283,0.14
2025-06-03,1.2325,0.34
2025-06-04,1.2368,0.35
2025-06-05,1.2301,-0.54
2025-06-06,1.231,0.07
2025-06-09,1.234,0.24
2025-06-10,1.2341,0.01
2025-06-11,1.2389,0.39
2025-06-12,1.2396,0.06
2025-06-13,1.2324,-0.58
2025-06-16,1.2351,0.22
2025-06-17,1.2349,-0.02
2025-06-18,1.2349,0.0
2025-06-19,1.2279,-0.57
2025-06-20,1.2317,0.31
2025-06-23,1.2359,0.34
2025-06-24,1.2397,0.31
2025-06-25,1.2473,0.61
2025-06-26,1.2482,0.07
2025-06-27,1.2435,-0.38
2025-06-30,1.2428,-0.06
2025-07-01,1.2524,0.77
2025-07-02,1.2609,0.68
2025-07-03,1.2614,0.04
2025-07-04,1.268,0.52
2025-07-07,1.2741,0.48
2025-07-08,1.2736,-0.04
2025-07-09,1.278,0.35
2025-07-10,1.287,0.7
2025-07-11,1.2802,-0.53
2025-07-14,1.2874,0.56
2025-07-15,1.274,-1.04
2025-07-16,1.2697,-0.34
2025-07-17,1.2694,-0.02
2025-07-18,1.275,0.44
2025-07-21,1.2901,1.18
2025-07-22,1.3102,1.56
2025-07-23,1.3061,-0.31
2025-07-24,1.3116,0.42
2025-07-25,1.3042,-0.56
2025-07-28,1.2916,-0.97
2025-07-29,1.2912,-0.03
2025-07-30,1.2943,0.24
2025-07-31,1.2732,-1.63
2025-08-01,1.2731,-0.01
2025-08-04,1.2787,0.44
2025-08-05,1.2919,1.03
2025-08-06,1.2994,0.58
2025-08-07,1.3015,0.16
2025-08-08,1.3022,0.05
2025-08-11,1.2968,-0.41
2025-08-12,1.3038,0.54
2025-08-13,1.2973,-0.5
2025-08-14,1.2855,-0.91
2025-08-15,1.2884,0.23
2025-08-18,1.2861,-0.18
2025-08-19,1.2849,-0.09
2025-08-20,1.294,0.71
2025-08-21,1.3005,0.5
2025-08-22,1.2987,-0.14
2025-08-25,1.3077,0.69
2025-08-26,1.3063,-0.11
2025-08-27,1.2839,-1.71
2025-08-28,1.2865,0.2
2025-08-29,1.2858,-0.05
2025-09-01,1.2828,-0.23
2025-09-02,1.2866,0.3
2025-09-03,1.2764,-0.79
2025-09-04,1.2758,-0.05
2025-09-05,1.2796,0.3
2025-09-08,1.2889,0.73
2025-09-09,1.2916,0.21
2025-09-10,1.2856,-0.46
2025-09-11,1.2908,0.4
2025-09-12,1.2846,-0.48
2025-09-15,1.2808,-0.3
2025-09-16,1.2809,0.01
2025-09-17,1.284,0.24
2025-09-18,1.2625,-1.67
2025-09-19,1.2722,0.77
2025-09-22,1.2646,-0.6
2025-09-23,1.269,0.35
2025-09-24,1.2721,0.24
2025-09-25,1.2664,-0.45
2025-09-26,1.2699,0.28
2025-09-29,1.275,0.4
2025-09-30,1.2722,-0.22
2025-10-09,1.2813,0.72
2025-10-10,1.2937,0.97
2025-10-13,1.2881,-0.43
2025-10-14,1.3018,1.06
2025-10-15,1.307,0.4
2025-10-16,1.3117,0.36
2025-10-17,1.3023,-0.72
2025-10-20,1.2591,0.68
2025-10-21,1.2595,0.03
2025-10-22,1.2607,0.1
2025-10-23,1.2701,0.75
2025-10-24,1.2639,-0.49
2025-10-27,1.2695,0.44
2025-10-28,1.2634,-0.48
2025-10-29,1.2639,0.04
2025-10-30,1.2592,-0.37
2025-10-31,1.2585,-0.06
2025-11-03,1.2693,0.86
2025-11-04,1.2738,0.35
2025-11-05,1.2789,0.4
2025-11-06,1.2838,0.38
2025-11-07,1.2854,0.12
2025-11-10,1.2946,0.72
2025-11-11,1.2921,-0.19
2025-11-12,1.2928,0.05
2025-11-13,1.2961,0.26
2025-11-14,1.289,-0.55
2025-11-17,1.2831,-0.46
2025-11-18,1.2663,-1.31
2025-11-19,1.2682,0.15
2025-11-20,1.2659,-0.18
2025-11-21,1.2449,-1.66
2025-11-24,1.2391,-0.47
2025-11-25,1.2451,0.48
2025-11-26,1.24,-0.41
2025-11-27,1.2419,0.15
2025-11-28,1.2432,0.1
2025-12-01,1.2527,0.76
2025-12-02,1.2514,-0.1
2025-12-03,1.2491,-0.18
2025-12-04,1.2451,-0.32
2025-12-05,1.2465,0.11
2025-12-08,1.2404,-0.49
2025-12-09,1.2298,-0.85
2025-12-10,1.2309,0.09
2025-12-11,1.2239,-0.57
2025-12-12,1.2209,-0.25
2025-12-15,1.226,0.42
2025-12-16,1.217,-0.73
2025-12-17,1.2206,0.3
2025-12-18,1.2299,0.76
2025-12-19,1.2319,0.16
2025-12-22,1.2266,-0.43
2025-12-23,1.2268,0.02
2025-12-24,1.2295,0.22
2025-12-25,1.2327,0.26
2025-12-26,1.2385,0.47
2025-12-29,1.2359,-0.21
2025-12-30,1.2355,-0.03
2025-12-31,1.2365,0.08
2026-01-05,1.241,0.36
2026-01-06,1.255,1.13
2026-01-07,1.2556,0.05
2026-01-08,1.2515,-0.33
2026-01-09,1.2555,0.32
2026-01-12,1.2596,0.33
2026-01-13,1.2555,-0.33
2026-01-14,1.2476,-0.63
2026-01-15,1.2453,-0.18
2026-01-16,1.2354,-0.79
2026-01-19,1.245,0.78
2026-01-20,1.2604,1.24
2026-01-21,1.2532,-0.57
2026-01-22,1.2617,0.68
2026-01-23,1.2612,-0.04
2026-01-26,1.269,0.62
2026-01-27,1.2588,-0.8
2026-01-28,1.2771,1.45
2026-01-29,1.2919,1.16
2026-01-30,1.2798,-0.94
2026-02-02,1.2421,-2.95
2026-02-03,1.2509,0.71
2026-02-04,1.2821,2.49
2026-02-05,1.2769,-0.41
2026-02-06,1.274,-0.23
2026-02-09,1.2822,0.64
2026-02-10,1.2867,0.35
2026-02-11,1.2956,0.69
2026-02-12,1.2916,-0.31
2026-02-13,1.2737,-1.39
2026-02-24,1.2919,1.43
2026-02-25,1.2984,0.5
2026-02-26,1.2949,-0.27
2026-02-27,1.3071,0.94
2026-03-02,1.3237,1.27
2026-03-03,1.3336,0.75
2026-03-04,1.314,-1.47
